"VAR","Variable","UNIT","Measure","COU","Country","YEA","Year","Value","Flag Codes","Flags"
"ACOLALCT","Alcohol consumption","LIPPERNB","Litres per capita (15+)","AUS","Australia","2000","2000",10.2,,
"ACOLALCT","Alcohol consumption","LIPPERNB","Litres per capita (15+)","AUS","Australia","2001","2001",10,,
"ACOLALCT","Alcohol consumption","LIPPERNB","Litres per capita (15+)","AUS","Australia","2002","2002",10.4,,
"ACOLALCT","Alcohol consumption","LIPPERNB","Litres per capita (15+)","AUS","Australia","2003","2003",10.3,,
"ACOLALCT","Alcohol consumption","LIPPERNB","Litres per capita (15+)","AUS","Australia","2004","2004",10.5,,
"ACOLALCT","Alcohol consumption","LIPPERNB","Litres per capita (15+)","AUS","Australia","2005","2005",10.5,,
"ACOLALCT","Alcohol consumption","LIPPERNB","Litres per capita (15+)","AUS","Australia","2006","2006",10.8,,
"ACOLALCT","Alcohol consumption","LIPPERNB","Litres per capita (15+)","AUS","Australia","2007","2007",10.8,,
"ACOLALCT","Alcohol consumption","LIPPERNB","Litres per capita (15+)","AUS","Australia","2008","2008",10.6,,
"ACOLALCT","Alcohol consumption","LIPPERNB","Litres per capita (15+)","AUS","Australia","2009","2009",10.5,,
"ACOLALCT","Alcohol consumption","LIPPERNB","Litres per capita (15+)","AUS","Australia","2010","2010",10.3,,
"ACOLALCT","Alcohol consumption","LIPPERNB","Litres per capita (15+)","AUS","Australia","2011","2011",10,,
"ACOLALCT","Alcohol consumption","LIPPERNB","Litres per capita (15+)","AUS","Australia","2012","2012",9.9,,
"ACOLALCT","Alcohol consumption","LIPPERNB","Litres per capita (15+)","AUS","Australia","2013","2013",9.8,,
"ACOLALCT","Alcohol consumption","LIPPERNB","Litres per capita (15+)","AUS","Australia","2014","2014",9.5,,
"ACOLALCT","Alcohol consumption","LIPPERNB","Litres per capita (15+)","AUS","Australia","2015","2015",9.7,,
"ACOLALCT","Alcohol consumption","LIPPERNB","Litres per capita (15+)","AUT","Austria","2000","2000",13.2,,
"ACOLALCT","Alcohol consumption","LIPPERNB","Litres per capita (15+)","AUT","Austria","2001","2001",12.4,,
"ACOLALCT","Alcohol consumption","LIPPERNB","Litres per capita (15+)","AUT","Austria","2002","2002",12.5,,
"ACOLALCT","Alcohol consumption","LIPPERNB","Litres per capita (15+)","AUT","Austria","2003","2003",12.2,,
"ACOLALCT","Alcohol consumption","LIPPERNB","Litres per capita (15+)","AUT","Austria","2004","2004",12.1,,
"ACOLALCT","Alcohol consumption","LIPPERNB","Litres per capita (15+)","AUT","Austria","2005","2005",12.4,,
"ACOLALCT","Alcohol consumption","LIPPERNB","Litres per capita (15+)","AUT","Austria","2006","2006",12.4,,
"ACOLALCT","Alcohol consumption","LIPPERNB","Litres per capita (15+)","AUT","Austria","2007","2007",12.5,,
"ACOLALCT","Alcohol consumption","LIPPERNB","Litres per capita (15+)","AUT","Austria","2008","2008",12,,
"ACOLALCT","Alcohol consumption","LIPPERNB","Litres per capita (15+)","AUT","Austria","2009","2009",11.3,,
"ACOLALCT","Alcohol consumption","LIPPERNB","Litres per capita (15+)","AUT","Austria","2010","2010",12.1,,
"ACOLALCT","Alcohol consumption","LIPPERNB","Litres per capita (15+)","AUT","Austria","2011","2011",11.9,,
"ACOLALCT","Alcohol consumption","LIPPERNB","Litres per capita (15+)","AUT","Austria","2012","2012",12.1,,
"ACOLALCT","Alcohol consumption","LIPPERNB","Litres per capita (15+)","AUT","Austria","2013","2013",11.6,,
"ACOLALCT","Alcohol consumption","LIPPERNB","Litres per capita (15+)","AUT","Austria","2014","2014",12.2,,
"ACOLALCT","Alcohol consumption","LIPPERNB","Litres per capita (15+)","AUT","Austria","2015","2015",11.4,,
"ACOLALCT","Alcohol consumption","LIPPERNB","Litres per capita (15+)","BEL","Belgium","2000","2000",11.3,,
"ACOLALCT","Alcohol consumption","LIPPERNB","Litres per capita (15+)","BEL","Belgium","2001","2001",11.1,,
"ACOLALCT","Alcohol consumption","LIPPERNB","Litres per capita (15+)","BEL","Belgium","2002","2002",11.3,,
"ACOLALCT","Alcohol consumption","LIPPERNB","Litres per capita (15+)","BEL","Belgium","2003","2003",11.3,,
"ACOLALCT","Alcohol consumption","LIPPERNB","Litres per capita (15+)","BEL","Belgium","2004","2004",12.1,,
"ACOLALCT","Alcohol consumption","LIPPERNB","Litres per capita (15+)","BEL","Belgium","2005","2005",12.2,,
"ACOLALCT","Alcohol consumption","LIPPERNB","Litres per capita (15+)","BEL","Belgium","2006","2006",10.9,,
"ACOLALCT","Alcohol consumption","LIPPERNB","Litres per capita (15+)","BEL","Belgium","2007","2007",10.3,,
"ACOLALCT","Alcohol consumption","LIPPERNB","Litres per capita (15+)","BEL","Belgium","2008","2008",10.5,,
"ACOLALCT","Alcohol consumption","LIPPERNB","Litres per capita (15+)","BEL","Belgium","2009","2009",10.1,,
"ACOLALCT","Alcohol consumption","LIPPERNB","Litres per capita (15+)","BEL","Belgium","2010","2010",10.3,,
"ACOLALCT","Alcohol consumption","LIPPERNB","Litres per capita (15+)","BEL","Belgium","2011","2011",10.1,,
"ACOLALCT","Alcohol consumption","LIPPERNB","Litres per capita (15+)","BEL","Belgium","2012","2012",10.1,,
"ACOLALCT","Alcohol consumption","LIPPERNB","Litres per capita (15+)","BEL","Belgium","2013","2013",10.3,,
"ACOLALCT","Alcohol consumption","LIPPERNB","Litres per capita (15+)","BEL","Belgium","2014","2014",10.6,,
"ACOLALCT","Alcohol consumption","LIPPERNB","Litres per capita (15+)","BEL","Belgium","2015","2015",10.4,,
"ACOLALCT","Alcohol consumption","LIPPERNB","Litres per capita (15+)","CAN","Canada","2000","2000",7.6,,
"ACOLALCT","Alcohol consumption","LIPPERNB","Litres per capita (15+)","CAN","Canada","2001","2001",7.6,,
"ACOLALCT","Alcohol consumption","LIPPERNB","Litres per capita (15+)","CAN","Canada","2002","2002",7.7,,
"ACOLALCT","Alcohol consumption","LIPPERNB","Litres per capita (15+)","CAN","Canada","2003","2003",7.7,,
"ACOLALCT","Alcohol consumption","LIPPERNB","Litres per capita (15+)","CAN","Canada","2004","2004",7.8,,
"ACOLALCT","Alcohol consumption","LIPPERNB","Litres per capita (15+)","CAN","Canada","2005","2005",8,"B","Break"
"ACOLALCT","Alcohol consumption","LIPPERNB","Litres per capita (15+)","CAN","Canada","2006","2006",8.2,,
"ACOLALCT","Alcohol consumption","LIPPERNB","Litres per capita (15+)","CAN","Canada","2007","2007",8.3,,
"ACOLALCT","Alcohol consumption","LIPPERNB","Litres per capita (15+)","CAN","Canada","2008","2008",8.4,,
"ACOLALCT","Alcohol consumption","LIPPERNB","Litres per capita (15+)","CAN","Canada","2009","2009",8.4,,
"ACOLALCT","Alcohol consumption","LIPPERNB","Litres per capita (15+)","CAN","Canada","2010","2010",8.4,,
"ACOLALCT","Alcohol consumption","LIPPERNB","Litres per capita (15+)","CAN","Canada","2011","2011",8.2,,
"ACOLALCT","Alcohol consumption","LIPPERNB","Litres per capita (15+)","CAN","Canada","2012","2012",8.3,,
"ACOLALCT","Alcohol consumption","LIPPERNB","Litres per capita (15+)","CAN","Canada","2013","2013",8.2,,
"ACOLALCT","Alcohol consumption","LIPPERNB","Litres per capita (15+)","CAN","Canada","2014","2014",8,,
"ACOLALCT","Alcohol consumption","LIPPERNB","Litres per capita (15+)","CAN","Canada","2015","2015",8.1,,
"ACOLALCT","Alcohol consumption","LIPPERNB","Litres per capita (15+)","CAN","Canada","2016","2016",8.2,,
"ACOLALCT","Alcohol consumption","LIPPERNB","Litres per capita (15+)","CZE","Czech Republic","2000","2000",11.8,,
"ACOLALCT","Alcohol consumption","LIPPERNB","Litres per capita (15+)","CZE","Czech Republic","2001","2001",11.8,,
"ACOLALCT","Alcohol consumption","LIPPERNB","Litres per capita (15+)","CZE","Czech Republic","2002","2002",11.9,,
"ACOLALCT","Alcohol consumption","LIPPERNB","Litres per capita (15+)","CZE","Czech Republic","2003","2003",12.1,,
"ACOLALCT","Alcohol consumption","LIPPERNB","Litres per capita (15+)","CZE","Czech Republic","2004","2004",11.5,,
"ACOLALCT","Alcohol consumption","LIPPERNB","Litres per capita (15+)","CZE","Czech Republic","2005","2005",12,,
"ACOLALCT","Alcohol consumption","LIPPERNB","Litres per capita (15+)","CZE","Czech Republic","2006","2006",11.9,,
"ACOLALCT","Alcohol consumption","LIPPERNB","Litres per capita (15+)","CZE","Czech Republic","2007","2007",12.1,,
"ACOLALCT","Alcohol consumption","LIPPERNB","Litres per capita (15+)","CZE","Czech Republic","2008","2008",12.1,,
"ACOLALCT","Alcohol consumption","LIPPERNB","Litres per capita (15+)","CZE","Czech Republic","2009","2009",12.1,,
"ACOLALCT","Alcohol consumption","LIPPERNB","Litres per capita (15+)","CZE","Czech Republic","2010","2010",11.4,,
"ACOLALCT","Alcohol consumption","LIPPERNB","Litres per capita (15+)","CZE","Czech Republic","2011","2011",11.5,,
"ACOLALCT","Alcohol consumption","LIPPERNB","Litres per capita (15+)","CZE","Czech Republic","2012","2012",11.6,,
"ACOLALCT","Alcohol consumption","LIPPERNB","Litres per capita (15+)","CZE","Czech Republic","2013","2013",11.5,,
"ACOLALCT","Alcohol consumption","LIPPERNB","Litres per capita (15+)","CZE","Czech Republic","2014","2014",11.9,,
"ACOLALCT","Alcohol consumption","LIPPERNB","Litres per capita (15+)","CZE","Czech Republic","2015","2015",11.5,,
"ACOLALCT","Alcohol consumption","LIPPERNB","Litres per capita (15+)","CZE","Czech Republic","2016","2016",11.7,,
"ACOLALCT","Alcohol consumption","LIPPERNB","Litres per capita (15+)","DNK","Denmark","2000","2000",13.1,"B","Break"
"ACOLALCT","Alcohol consumption","LIPPERNB","Litres per capita (15+)","DNK","Denmark","2001","2001",13.1,,
"ACOLALCT","Alcohol consumption","LIPPERNB","Litres per capita (15+)","DNK","Denmark","2002","2002",13.1,,
"ACOLALCT","Alcohol consumption","LIPPERNB","Litres per capita (15+)","DNK","Denmark","2003","2003",13,,
"ACOLALCT","Alcohol consumption","LIPPERNB","Litres per capita (15+)","DNK","Denmark","2004","2004",12.8,,
"ACOLALCT","Alcohol consumption","LIPPERNB","Litres per capita (15+)","DNK","Denmark","2005","2005",12.7,,
"ACOLALCT","Alcohol consumption","LIPPERNB","Litres per capita (15+)","DNK","Denmark","2006","2006",12.2,,
"ACOLALCT","Alcohol consumption","LIPPERNB","Litres per capita (15+)","DNK","Denmark","2007","2007",12.1,,
"ACOLALCT","Alcohol consumption","LIPPERNB","Litres per capita (15+)","DNK","Denmark","2008","2008",10.9,,
"ACOLALCT","Alcohol consumption","LIPPERNB","Litres per capita (15+)","DNK","Denmark","2009","2009",10.1,,
"ACOLALCT","Alcohol consumption","LIPPERNB","Litres per capita (15+)","DNK","Denmark","2010","2010",10.3,,
"ACOLALCT","Alcohol consumption","LIPPERNB","Litres per capita (15+)","DNK","Denmark","2011","2011",10.5,,
"ACOLALCT","Alcohol consumption","LIPPERNB","Litres per capita (15+)","DNK","Denmark","2012","2012",9.3,,
"ACOLALCT","Alcohol consumption","LIPPERNB","Litres per capita (15+)","DNK","Denmark","2013","2013",9.4,,
"ACOLALCT","Alcohol consumption","LIPPERNB","Litres per capita (15+)","DNK","Denmark","2014","2014",9.5,,
"ACOLALCT","Alcohol consumption","LIPPERNB","Litres per capita (15+)","DNK","Denmark","2015","2015",9.3,,
"ACOLALCT","Alcohol consumption","LIPPERNB","Litres per capita (15+)","DNK","Denmark","2016","2016",9.4,,
"ACOLALCT","Alcohol consumption","LIPPERNB","Litres per capita (15+)","FIN","Finland","2000","2000",8.6,,
"ACOLALCT","Alcohol consumption","LIPPERNB","Litres per capita (15+)","FIN","Finland","2001","2001",9,,
"ACOLALCT","Alcohol consumption","LIPPERNB","Litres per capita (15+)","FIN","Finland","2002","2002",9.2,,
"ACOLALCT","Alcohol consumption","LIPPERNB","Litres per capita (15+)","FIN","Finland","2003","2003",9.3,,
"ACOLALCT","Alcohol consumption","LIPPERNB","Litres per capita (15+)","FIN","Finland","2004","2004",9.9,,
"ACOLALCT","Alcohol consumption","LIPPERNB","Litres per capita (15+)","FIN","Finland","2005","2005",10,,
"ACOLALCT","Alcohol consumption","LIPPERNB","Litres per capita (15+)","FIN","Finland","2006","2006",10.1,,
"ACOLALCT","Alcohol consumption","LIPPERNB","Litres per capita (15+)","FIN","Finland","2007","2007",10.5,,
"ACOLALCT","Alcohol consumption","LIPPERNB","Litres per capita (15+)","FIN","Finland","2008","2008",10.3,,
"ACOLALCT","Alcohol consumption","LIPPERNB","Litres per capita (15+)","FIN","Finland","2009","2009",10,,
"ACOLALCT","Alcohol consumption","LIPPERNB","Litres per capita (15+)","FIN","Finland","2010","2010",9.7,,
"ACOLALCT","Alcohol consumption","LIPPERNB","Litres per capita (15+)","FIN","Finland","2011","2011",9.8,,
"ACOLALCT","Alcohol consumption","LIPPERNB","Litres per capita (15+)","FIN","Finland","2012","2012",9.3,,
"ACOLALCT","Alcohol consumption","LIPPERNB","Litres per capita (15+)","FIN","Finland","2013","2013",9.1,,
"ACOLALCT","Alcohol consumption","LIPPERNB","Litres per capita (15+)","FIN","Finland","2014","2014",8.8,,
"ACOLALCT","Alcohol consumption","LIPPERNB","Litres per capita (15+)","FIN","Finland","2015","2015",8.5,,
"ACOLALCT","Alcohol consumption","LIPPERNB","Litres per capita (15+)","FIN","Finland","2016","2016",8.4,,
"ACOLALCT","Alcohol consumption","LIPPERNB","Litres per capita (15+)","FRA","France","2000","2000",13.9,,
"ACOLALCT","Alcohol consumption","LIPPERNB","Litres per capita (15+)","FRA","France","2001","2001",14.1,,
"ACOLALCT","Alcohol consumption","LIPPERNB","Litres per capita (15+)","FRA","France","2002","2002",13.9,,
"ACOLALCT","Alcohol consumption","LIPPERNB","Litres per capita (15+)","FRA","France","2003","2003",13.4,,
"ACOLALCT","Alcohol consumption","LIPPERNB","Litres per capita (15+)","FRA","France","2004","2004",13.1,,
"ACOLALCT","Alcohol consumption","LIPPERNB","Litres per capita (15+)","FRA","France","2005","2005",12.9,,
"ACOLALCT","Alcohol consumption","LIPPERNB","Litres per capita (15+)","FRA","France","2006","2006",13.1,,
"ACOLALCT","Alcohol consumption","LIPPERNB","Litres per capita (15+)","FRA","France","2007","2007",12.9,,
"ACOLALCT","Alcohol consumption","LIPPERNB","Litres per capita (15+)","FRA","France","2008","2008",12.5,,
"ACOLALCT","Alcohol consumption","LIPPERNB","Litres per capita (15+)","FRA","France","2009","2009",12.6,,
"ACOLALCT","Alcohol consumption","LIPPERNB","Litres per capita (15+)","FRA","France","2010","2010",12.3,,
"ACOLALCT","Alcohol consumption","LIPPERNB","Litres per capita (15+)","FRA","France","2011","2011",12.4,,
"ACOLALCT","Alcohol consumption","LIPPERNB","Litres per capita (15+)","FRA","France","2012","2012",12.2,,
"ACOLALCT","Alcohol consumption","LIPPERNB","Litres per capita (15+)","FRA","France","2013","2013",11.6,,
"ACOLALCT","Alcohol consumption","LIPPERNB","Litres per capita (15+)","FRA","France","2014","2014",12,,
"ACOLALCT","Alcohol consumption","LIPPERNB","Litres per capita (15+)","FRA","France","2015","2015",11.9,,
"ACOLALCT","Alcohol consumption","LIPPERNB","Litres per capita (15+)","FRA","France","2016","2016",11.7,,
"ACOLALCT","Alcohol consumption","LIPPERNB","Litres per capita (15+)","DEU","Germany","2000","2000",12.9,,
"ACOLALCT","Alcohol consumption","LIPPERNB","Litres per capita (15+)","DEU","Germany","2001","2001",12.5,,
"ACOLALCT","Alcohol consumption","LIPPERNB","Litres per capita (15+)","DEU","Germany","2002","2002",12.3,,
"ACOLALCT","Alcohol consumption","LIPPERNB","Litres per capita (15+)","DEU","Germany","2003","2003",11.9,,
"ACOLALCT","Alcohol consumption","LIPPERNB","Litres per capita (15+)","DEU","Germany","2004","2004",11.8,,
"ACOLALCT","Alcohol consumption","LIPPERNB","Litres per capita (15+)","DEU","Germany","2005","2005",12,,
"ACOLALCT","Alcohol consumption","LIPPERNB","Litres per capita (15+)","DEU","Germany","2006","2006",12.1,,
"ACOLALCT","Alcohol consumption","LIPPERNB","Litres per capita (15+)","DEU","Germany","2007","2007",11.9,,
"ACOLALCT","Alcohol consumption","LIPPERNB","Litres per capita (15+)","DEU","Germany","2008","2008",11.8,,
"ACOLALCT","Alcohol consumption","LIPPERNB","Litres per capita (15+)","DEU","Germany","2009","2009",11.6,,
"ACOLALCT","Alcohol consumption","LIPPERNB","Litres per capita (15+)","DEU","Germany","2010","2010",11.4,,
"ACOLALCT","Alcohol consumption","LIPPERNB","Litres per capita (15+)","DEU","Germany","2011","2011",11.9,,
"ACOLALCT","Alcohol consumption","LIPPERNB","Litres per capita (15+)","DEU","Germany","2012","2012",11.8,,
"ACOLALCT","Alcohol consumption","LIPPERNB","Litres per capita (15+)","DEU","Germany","2013","2013",11.7,,
"ACOLALCT","Alcohol consumption","LIPPERNB","Litres per capita (15+)","DEU","Germany","2014","2014",11.6,,
"ACOLALCT","Alcohol consumption","LIPPERNB","Litres per capita (15+)","DEU","Germany","2015","2015",12,,
"ACOLALCT","Alcohol consumption","LIPPERNB","Litres per capita (15+)","DEU","Germany","2016","2016",10.9,,
"ACOLALCT","Alcohol consumption","LIPPERNB","Litres per capita (15+)","GRC","Greece","2000","2000",9.2,,
"ACOLALCT","Alcohol consumption","LIPPERNB","Litres per capita (15+)","GRC","Greece","2001","2001",9.3,,
"ACOLALCT","Alcohol consumption","LIPPERNB","Litres per capita (15+)","GRC","Greece","2002","2002",8.7,,
"ACOLALCT","Alcohol consumption","LIPPERNB","Litres per capita (15+)","GRC","Greece","2003","2003",9.5,,
"ACOLALCT","Alcohol consumption","LIPPERNB","Litres per capita (15+)","GRC","Greece","2004","2004",9.6,,
"ACOLALCT","Alcohol consumption","LIPPERNB","Litres per capita (15+)","GRC","Greece","2005","2005",10,,
"ACOLALCT","Alcohol consumption","LIPPERNB","Litres per capita (15+)","GRC","Greece","2006","2006",9.5,,
"ACOLALCT","Alcohol consumption","LIPPERNB","Litres per capita (15+)","GRC","Greece","2007","2007",9.7,,
"ACOLALCT","Alcohol consumption","LIPPERNB","Litres per capita (15+)","GRC","Greece","2008","2008",9.5,,
"ACOLALCT","Alcohol consumption","LIPPERNB","Litres per capita (15+)","GRC","Greece","2009","2009",9.1,,
"ACOLALCT","Alcohol consumption","LIPPERNB","Litres per capita (15+)","GRC","Greece","2010","2010",9,,
"ACOLALCT","Alcohol consumption","LIPPERNB","Litres per capita (15+)","GRC","Greece","2011","2011",8,,
"ACOLALCT","Alcohol consumption","LIPPERNB","Litres per capita (15+)","GRC","Greece","2012","2012",7.6,,
"ACOLALCT","Alcohol consumption","LIPPERNB","Litres per capita (15+)","GRC","Greece","2013","2013",7.5,,
"ACOLALCT","Alcohol consumption","LIPPERNB","Litres per capita (15+)","GRC","Greece","2014","2014",7,,
"ACOLALCT","Alcohol consumption","LIPPERNB","Litres per capita (15+)","GRC","Greece","2015","2015",6.6,,
"ACOLALCT","Alcohol consumption","LIPPERNB","Litres per capita (15+)","GRC","Greece","2016","2016",6.5,,
"ACOLALCT","Alcohol consumption","LIPPERNB","Litres per capita (15+)","HUN","Hungary","2000","2000",12,,
"ACOLALCT","Alcohol consumption","LIPPERNB","Litres per capita (15+)","HUN","Hungary","2001","2001",13.2,,
"ACOLALCT","Alcohol consumption","LIPPERNB","Litres per capita (15+)","HUN","Hungary","2002","2002",13.3,,
"ACOLALCT","Alcohol consumption","LIPPERNB","Litres per capita (15+)","HUN","Hungary","2003","2003",13.2,,
"ACOLALCT","Alcohol consumption","LIPPERNB","Litres per capita (15+)","HUN","Hungary","2004","2004",13.2,,
"ACOLALCT","Alcohol consumption","LIPPERNB","Litres per capita (15+)","HUN","Hungary","2005","2005",13,,
"ACOLALCT","Alcohol consumption","LIPPERNB","Litres per capita (15+)","HUN","Hungary","2006","2006",13.2,,
"ACOLALCT","Alcohol consumption","LIPPERNB","Litres per capita (15+)","HUN","Hungary","2007","2007",12.6,,
"ACOLALCT","Alcohol consumption","LIPPERNB","Litres per capita (15+)","HUN","Hungary","2008","2008",11.8,,
"ACOLALCT","Alcohol consumption","LIPPERNB","Litres per capita (15+)","HUN","Hungary","2009","2009",11.5,,
"ACOLALCT","Alcohol consumption","LIPPERNB","Litres per capita (15+)","HUN","Hungary","2010","2010",10.8,,
"ACOLALCT","Alcohol consumption","LIPPERNB","Litres per capita (15+)","HUN","Hungary","2011","2011",11.4,,
"ACOLALCT","Alcohol consumption","LIPPERNB","Litres per capita (15+)","HUN","Hungary","2012","2012",11.1,,
"ACOLALCT","Alcohol consumption","LIPPERNB","Litres per capita (15+)","HUN","Hungary","2013","2013",10.6,,
"ACOLALCT","Alcohol consumption","LIPPERNB","Litres per capita (15+)","HUN","Hungary","2014","2014",10.9,,
"ACOLALCT","Alcohol consumption","LIPPERNB","Litres per capita (15+)","HUN","Hungary","2015","2015",10.8,,
"ACOLALCT","Alcohol consumption","LIPPERNB","Litres per capita (15+)","ISL","Iceland","2000","2000",6.2,,
"ACOLALCT","Alcohol consumption","LIPPERNB","Litres per capita (15+)","ISL","Iceland","2001","2001",6.4,,
"ACOLALCT","Alcohol consumption","LIPPERNB","Litres per capita (15+)","ISL","Iceland","2002","2002",6.6,,
"ACOLALCT","Alcohol consumption","LIPPERNB","Litres per capita (15+)","ISL","Iceland","2003","2003",6.6,,
"ACOLALCT","Alcohol consumption","LIPPERNB","Litres per capita (15+)","ISL","Iceland","2004","2004",6.8,,
"ACOLALCT","Alcohol consumption","LIPPERNB","Litres per capita (15+)","ISL","Iceland","2005","2005",7.1,,
"ACOLALCT","Alcohol consumption","LIPPERNB","Litres per capita (15+)","ISL","Iceland","2006","2006",7.2,,
"ACOLALCT","Alcohol consumption","LIPPERNB","Litres per capita (15+)","ISL","Iceland","2007","2007",7.5,,
"ACOLALCT","Alcohol consumption","LIPPERNB","Litres per capita (15+)","ISL","Iceland","2008","2008",7.2,,
"ACOLALCT","Alcohol consumption","LIPPERNB","Litres per capita (15+)","ISL","Iceland","2009","2009",7.2,,
"ACOLALCT","Alcohol consumption","LIPPERNB","Litres per capita (15+)","ISL","Iceland","2010","2010",6.8,,
"ACOLALCT","Alcohol consumption","LIPPERNB","Litres per capita (15+)","ISL","Iceland","2011","2011",6.8,,
"ACOLALCT","Alcohol consumption","LIPPERNB","Litres per capita (15+)","ISL","Iceland","2012","2012",6.8,,
"ACOLALCT","Alcohol consumption","LIPPERNB","Litres per capita (15+)","ISL","Iceland","2013","2013",6.8,,
"ACOLALCT","Alcohol consumption","LIPPERNB","Litres per capita (15+)","ISL","Iceland","2014","2014",7,,
"ACOLALCT","Alcohol consumption","LIPPERNB","Litres per capita (15+)","ISL","Iceland","2015","2015",7.7,,
"ACOLALCT","Alcohol consumption","LIPPERNB","Litres per capita (15+)","ISL","Iceland","2016","2016",7.5,,
"ACOLALCT","Alcohol consumption","LIPPERNB","Litres per capita (15+)","ISL","Iceland","2017","2017",7.7,,
"ACOLALCT","Alcohol consumption","LIPPERNB","Litres per capita (15+)","IRL","Ireland","2000","2000",14.2,,
"ACOLALCT","Alcohol consumption","LIPPERNB","Litres per capita (15+)","IRL","Ireland","2001","2001",14.5,,
"ACOLALCT","Alcohol consumption","LIPPERNB","Litres per capita (15+)","IRL","Ireland","2002","2002",14.3,,
"ACOLALCT","Alcohol consumption","LIPPERNB","Litres per capita (15+)","IRL","Ireland","2003","2003",13.5,,
"ACOLALCT","Alcohol consumption","LIPPERNB","Litres per capita (15+)","IRL","Ireland","2004","2004",13.6,,
"ACOLALCT","Alcohol consumption","LIPPERNB","Litres per capita (15+)","IRL","Ireland","2005","2005",13.4,,
"ACOLALCT","Alcohol consumption","LIPPERNB","Litres per capita (15+)","IRL","Ireland","2006","2006",13.4,,
"ACOLALCT","Alcohol consumption","LIPPERNB","Litres per capita (15+)","IRL","Ireland","2007","2007",13.2,,
"ACOLALCT","Alcohol consumption","LIPPERNB","Litres per capita (15+)","IRL","Ireland","2008","2008",12.2,,
"ACOLALCT","Alcohol consumption","LIPPERNB","Litres per capita (15+)","IRL","Ireland","2009","2009",11,,
"ACOLALCT","Alcohol consumption","LIPPERNB","Litres per capita (15+)","IRL","Ireland","2010","2010",11.6,,
"ACOLALCT","Alcohol consumption","LIPPERNB","Litres per capita (15+)","IRL","Ireland","2011","2011",11.7,,
"ACOLALCT","Alcohol consumption","LIPPERNB","Litres per capita (15+)","IRL","Ireland","2012","2012",11.5,"E","Estimated value"
"ACOLALCT","Alcohol consumption","LIPPERNB","Litres per capita (15+)","IRL","Ireland","2013","2013",10.6,"E","Estimated value"
"ACOLALCT","Alcohol consumption","LIPPERNB","Litres per capita (15+)","IRL","Ireland","2014","2014",10.8,"E","Estimated value"
"ACOLALCT","Alcohol consumption","LIPPERNB","Litres per capita (15+)","IRL","Ireland","2015","2015",10.7,"E","Estimated value"
"ACOLALCT","Alcohol consumption","LIPPERNB","Litres per capita (15+)","IRL","Ireland","2016","2016",11.2,"E","Estimated value"
"ACOLALCT","Alcohol consumption","LIPPERNB","Litres per capita (15+)","ITA","Italy","2000","2000",9.8,,
"ACOLALCT","Alcohol consumption","LIPPERNB","Litres per capita (15+)","ITA","Italy","2001","2001",9.7,,
"ACOLALCT","Alcohol consumption","LIPPERNB","Litres per capita (15+)","ITA","Italy","2002","2002",9.3,,
"ACOLALCT","Alcohol consumption","LIPPERNB","Litres per capita (15+)","ITA","Italy","2003","2003",9.3,,
"ACOLALCT","Alcohol consumption","LIPPERNB","Litres per capita (15+)","ITA","Italy","2004","2004",9,,
"ACOLALCT","Alcohol consumption","LIPPERNB","Litres per capita (15+)","ITA","Italy","2005","2005",7.4,,
"ACOLALCT","Alcohol consumption","LIPPERNB","Litres per capita (15+)","ITA","Italy","2006","2006",7.3,,
"ACOLALCT","Alcohol consumption","LIPPERNB","Litres per capita (15+)","ITA","Italy","2007","2007",7.2,,
"ACOLALCT","Alcohol consumption","LIPPERNB","Litres per capita (15+)","ITA","Italy","2008","2008",6.8,,
"ACOLALCT","Alcohol consumption","LIPPERNB","Litres per capita (15+)","ITA","Italy","2009","2009",6.4,,
"ACOLALCT","Alcohol consumption","LIPPERNB","Litres per capita (15+)","ITA","Italy","2010","2010",7,,
"ACOLALCT","Alcohol consumption","LIPPERNB","Litres per capita (15+)","ITA","Italy","2011","2011",7,,
"ACOLALCT","Alcohol consumption","LIPPERNB","Litres per capita (15+)","ITA","Italy","2012","2012",7.5,,
"ACOLALCT","Alcohol consumption","LIPPERNB","Litres per capita (15+)","ITA","Italy","2013","2013",7.4,,
"ACOLALCT","Alcohol consumption","LIPPERNB","Litres per capita (15+)","ITA","Italy","2014","2014",7.6,,
"ACOLALCT","Alcohol consumption","LIPPERNB","Litres per capita (15+)","ITA","Italy","2015","2015",7.1,,
"ACOLALCT","Alcohol consumption","LIPPERNB","Litres per capita (15+)","ITA","Italy","2016","2016",7.1,,
"ACOLALCT","Alcohol consumption","LIPPERNB","Litres per capita (15+)","JPN","Japan","2000","2000",8.6,,
"ACOLALCT","Alcohol consumption","LIPPERNB","Litres per capita (15+)","JPN","Japan","2001","2001",8.6,,
"ACOLALCT","Alcohol consumption","LIPPERNB","Litres per capita (15+)","JPN","Japan","2002","2002",8.4,,
"ACOLALCT","Alcohol consumption","LIPPERNB","Litres per capita (15+)","JPN","Japan","2003","2003",8.4,,
"ACOLALCT","Alcohol consumption","LIPPERNB","Litres per capita (15+)","JPN","Japan","2004","2004",8.2,,
"ACOLALCT","Alcohol consumption","LIPPERNB","Litres per capita (15+)","JPN","Japan","2005","2005",8.5,,
"ACOLALCT","Alcohol consumption","LIPPERNB","Litres per capita (15+)","JPN","Japan","2006","2006",7.9,,
"ACOLALCT","Alcohol consumption","LIPPERNB","Litres per capita (15+)","JPN","Japan","2007","2007",7.7,,
"ACOLALCT","Alcohol consumption","LIPPERNB","Litres per capita (15+)","JPN","Japan","2008","2008",7.5,,
"ACOLALCT","Alcohol consumption","LIPPERNB","Litres per capita (15+)","JPN","Japan","2009","2009",7.4,,
"ACOLALCT","Alcohol consumption","LIPPERNB","Litres per capita (15+)","JPN","Japan","2010","2010",7.3,,
"ACOLALCT","Alcohol consumption","LIPPERNB","Litres per capita (15+)","JPN","Japan","2011","2011",7.3,,
"ACOLALCT","Alcohol consumption","LIPPERNB","Litres per capita (15+)","JPN","Japan","2012","2012",7.2,,
"ACOLALCT","Alcohol consumption","LIPPERNB","Litres per capita (15+)","JPN","Japan","2013","2013",7.4,,
"ACOLALCT","Alcohol consumption","LIPPERNB","Litres per capita (15+)","JPN","Japan","2014","2014",7.1,,
"ACOLALCT","Alcohol consumption","LIPPERNB","Litres per capita (15+)","JPN","Japan","2015","2015",7.2,,
"ACOLALCT","Alcohol consumption","LIPPERNB","Litres per capita (15+)","JPN","Japan","2016","2016",7.2,,
"ACOLALCT","Alcohol consumption","LIPPERNB","Litres per capita (15+)","KOR","Korea","2000","2000",8.9,,
"ACOLALCT","Alcohol consumption","LIPPERNB","Litres per capita (15+)","KOR","Korea","2001","2001",8.5,,
"ACOLALCT","Alcohol consumption","LIPPERNB","Litres per capita (15+)","KOR","Korea","2002","2002",9.2,,
"ACOLALCT","Alcohol consumption","LIPPERNB","Litres per capita (15+)","KOR","Korea","2003","2003",9.3,,
"ACOLALCT","Alcohol consumption","LIPPERNB","Litres per capita (15+)","KOR","Korea","2004","2004",9.3,,
"ACOLALCT","Alcohol consumption","LIPPERNB","Litres per capita (15+)","KOR","Korea","2005","2005",9,,
"ACOLALCT","Alcohol consumption","LIPPERNB","Litres per capita (15+)","KOR","Korea","2006","2006",9.2,,
"ACOLALCT","Alcohol consumption","LIPPERNB","Litres per capita (15+)","KOR","Korea","2007","2007",9.3,,
"ACOLALCT","Alcohol consumption","LIPPERNB","Litres per capita (15+)","KOR","Korea","2008","2008",9.5,,
"ACOLALCT","Alcohol consumption","LIPPERNB","Litres per capita (15+)","KOR","Korea","2009","2009",8.9,,
"ACOLALCT","Alcohol consumption","LIPPERNB","Litres per capita (15+)","KOR","Korea","2010","2010",9,,
"ACOLALCT","Alcohol consumption","LIPPERNB","Litres per capita (15+)","KOR","Korea","2011","2011",8.9,,
"ACOLALCT","Alcohol consumption","LIPPERNB","Litres per capita (15+)","KOR","Korea","2012","2012",9.1,,
"ACOLALCT","Alcohol consumption","LIPPERNB","Litres per capita (15+)","KOR","Korea","2013","2013",8.7,,
"ACOLALCT","Alcohol consumption","LIPPERNB","Litres per capita (15+)","KOR","Korea","2014","2014",8.9,,
"ACOLALCT","Alcohol consumption","LIPPERNB","Litres per capita (15+)","KOR","Korea","2015","2015",9.1,,
"ACOLALCT","Alcohol consumption","LIPPERNB","Litres per capita (15+)","KOR","Korea","2016","2016",8.7,,
"ACOLALCT","Alcohol consumption","LIPPERNB","Litres per capita (15+)","LUX","Luxembourg","2000","2000",13.3,"D","Difference in methodology"
"ACOLALCT","Alcohol consumption","LIPPERNB","Litres per capita (15+)","LUX","Luxembourg","2001","2001",13.2,"D","Difference in methodology"
"ACOLALCT","Alcohol consumption","LIPPERNB","Litres per capita (15+)","LUX","Luxembourg","2002","2002",13,"D","Difference in methodology"
"ACOLALCT","Alcohol consumption","LIPPERNB","Litres per capita (15+)","LUX","Luxembourg","2003","2003",12.7,"D","Difference in methodology"
"ACOLALCT","Alcohol consumption","LIPPERNB","Litres per capita (15+)","LUX","Luxembourg","2004","2004",12.5,"D","Difference in methodology"
"ACOLALCT","Alcohol consumption","LIPPERNB","Litres per capita (15+)","LUX","Luxembourg","2005","2005",12.3,"D","Difference in methodology"
"ACOLALCT","Alcohol consumption","LIPPERNB","Litres per capita (15+)","LUX","Luxembourg","2006","2006",12.3,"D","Difference in methodology"
"ACOLALCT","Alcohol consumption","LIPPERNB","Litres per capita (15+)","LUX","Luxembourg","2007","2007",12.2,"D","Difference in methodology"
"ACOLALCT","Alcohol consumption","LIPPERNB","Litres per capita (15+)","LUX","Luxembourg","2008","2008",12,"D","Difference in methodology"
"ACOLALCT","Alcohol consumption","LIPPERNB","Litres per capita (15+)","LUX","Luxembourg","2009","2009",12,"D","Difference in methodology"
"ACOLALCT","Alcohol consumption","LIPPERNB","Litres per capita (15+)","LUX","Luxembourg","2010","2010",11.8,"D","Difference in methodology"
"ACOLALCT","Alcohol consumption","LIPPERNB","Litres per capita (15+)","LUX","Luxembourg","2011","2011",12.1,"D","Difference in methodology"
"ACOLALCT","Alcohol consumption","LIPPERNB","Litres per capita (15+)","LUX","Luxembourg","2012","2012",12,"D","Difference in methodology"
"ACOLALCT","Alcohol consumption","LIPPERNB","Litres per capita (15+)","LUX","Luxembourg","2013","2013",11.7,"D","Difference in methodology"
"ACOLALCT","Alcohol consumption","LIPPERNB","Litres per capita (15+)","LUX","Luxembourg","2014","2014",11.8,"D","Difference in methodology"
"ACOLALCT","Alcohol consumption","LIPPERNB","Litres per capita (15+)","LUX","Luxembourg","2015","2015",11.9,"D","Difference in methodology"
"ACOLALCT","Alcohol consumption","LIPPERNB","Litres per capita (15+)","LUX","Luxembourg","2016","2016",11.3,"D","Difference in methodology"
"ACOLALCT","Alcohol consumption","LIPPERNB","Litres per capita (15+)","MEX","Mexico","2000","2000",5,"B","Break"
"ACOLALCT","Alcohol consumption","LIPPERNB","Litres per capita (15+)","MEX","Mexico","2001","2001",4.9,,
"ACOLALCT","Alcohol consumption","LIPPERNB","Litres per capita (15+)","MEX","Mexico","2002","2002",4.8,,
"ACOLALCT","Alcohol consumption","LIPPERNB","Litres per capita (15+)","MEX","Mexico","2003","2003",4.9,,
"ACOLALCT","Alcohol consumption","LIPPERNB","Litres per capita (15+)","MEX","Mexico","2004","2004",4.9,,
"ACOLALCT","Alcohol consumption","LIPPERNB","Litres per capita (15+)","MEX","Mexico","2005","2005",4.9,,
"ACOLALCT","Alcohol consumption","LIPPERNB","Litres per capita (15+)","MEX","Mexico","2006","2006",5.1,,
"ACOLALCT","Alcohol consumption","LIPPERNB","Litres per capita (15+)","MEX","Mexico","2007","2007",4.1,"B","Break"
"ACOLALCT","Alcohol consumption","LIPPERNB","Litres per capita (15+)","MEX","Mexico","2008","2008",4,,
"ACOLALCT","Alcohol consumption","LIPPERNB","Litres per capita (15+)","MEX","Mexico","2009","2009",4.3,,
"ACOLALCT","Alcohol consumption","LIPPERNB","Litres per capita (15+)","MEX","Mexico","2010","2010",4,,
"ACOLALCT","Alcohol consumption","LIPPERNB","Litres per capita (15+)","MEX","Mexico","2011","2011",4,,
"ACOLALCT","Alcohol consumption","LIPPERNB","Litres per capita (15+)","MEX","Mexico","2012","2012",3.9,,
"ACOLALCT","Alcohol consumption","LIPPERNB","Litres per capita (15+)","MEX","Mexico","2013","2013",3.9,,
"ACOLALCT","Alcohol consumption","LIPPERNB","Litres per capita (15+)","MEX","Mexico","2014","2014",4,,
"ACOLALCT","Alcohol consumption","LIPPERNB","Litres per capita (15+)","MEX","Mexico","2015","2015",4.4,,
"ACOLALCT","Alcohol consumption","LIPPERNB","Litres per capita (15+)","MEX","Mexico","2016","2016",4.4,,
"ACOLALCT","Alcohol consumption","LIPPERNB","Litres per capita (15+)","NLD","Netherlands","2000","2000",10.1,,
"ACOLALCT","Alcohol consumption","LIPPERNB","Litres per capita (15+)","NLD","Netherlands","2001","2001",10,,
"ACOLALCT","Alcohol consumption","LIPPERNB","Litres per capita (15+)","NLD","Netherlands","2002","2002",9.8,,
"ACOLALCT","Alcohol consumption","LIPPERNB","Litres per capita (15+)","NLD","Netherlands","2003","2003",9.7,,
"ACOLALCT","Alcohol consumption","LIPPERNB","Litres per capita (15+)","NLD","Netherlands","2004","2004",9.6,,
"ACOLALCT","Alcohol consumption","LIPPERNB","Litres per capita (15+)","NLD","Netherlands","2005","2005",9.6,,
"ACOLALCT","Alcohol consumption","LIPPERNB","Litres per capita (15+)","NLD","Netherlands","2006","2006",9.6,,
"ACOLALCT","Alcohol consumption","LIPPERNB","Litres per capita (15+)","NLD","Netherlands","2007","2007",9.6,,
"ACOLALCT","Alcohol consumption","LIPPERNB","Litres per capita (15+)","NLD","Netherlands","2008","2008",9.7,,
"ACOLALCT","Alcohol consumption","LIPPERNB","Litres per capita (15+)","NLD","Netherlands","2009","2009",9.4,,
"ACOLALCT","Alcohol consumption","LIPPERNB","Litres per capita (15+)","NLD","Netherlands","2010","2010",9.2,,
"ACOLALCT","Alcohol consumption","LIPPERNB","Litres per capita (15+)","NLD","Netherlands","2011","2011",9,,
"ACOLALCT","Alcohol consumption","LIPPERNB","Litres per capita (15+)","NLD","Netherlands","2012","2012",9.3,,
"ACOLALCT","Alcohol consumption","LIPPERNB","Litres per capita (15+)","NLD","Netherlands","2013","2013",8.7,,
"ACOLALCT","Alcohol consumption","LIPPERNB","Litres per capita (15+)","NLD","Netherlands","2014","2014",8,,
"ACOLALCT","Alcohol consumption","LIPPERNB","Litres per capita (15+)","NLD","Netherlands","2015","2015",8,,
"ACOLALCT","Alcohol consumption","LIPPERNB","Litres per capita (15+)","NLD","Netherlands","2016","2016",8.3,,
"ACOLALCT","Alcohol consumption","LIPPERNB","Litres per capita (15+)","NZL","New Zealand","2000","2000",8.9,,
"ACOLALCT","Alcohol consumption","LIPPERNB","Litres per capita (15+)","NZL","New Zealand","2001","2001",8.7,,
"ACOLALCT","Alcohol consumption","LIPPERNB","Litres per capita (15+)","NZL","New Zealand","2002","2002",9.1,,
"ACOLALCT","Alcohol consumption","LIPPERNB","Litres per capita (15+)","NZL","New Zealand","2003","2003",8.9,,
"ACOLALCT","Alcohol consumption","LIPPERNB","Litres per capita (15+)","NZL","New Zealand","2004","2004",9.1,,
"ACOLALCT","Alcohol consumption","LIPPERNB","Litres per capita (15+)","NZL","New Zealand","2005","2005",9.3,,
"ACOLALCT","Alcohol consumption","LIPPERNB","Litres per capita (15+)","NZL","New Zealand","2006","2006",9.3,,
"ACOLALCT","Alcohol consumption","LIPPERNB","Litres per capita (15+)","NZL","New Zealand","2007","2007",9.2,,
"ACOLALCT","Alcohol consumption","LIPPERNB","Litres per capita (15+)","NZL","New Zealand","2008","2008",9.5,,
"ACOLALCT","Alcohol consumption","LIPPERNB","Litres per capita (15+)","NZL","New Zealand","2009","2009",9.3,,
"ACOLALCT","Alcohol consumption","LIPPERNB","Litres per capita (15+)","NZL","New Zealand","2010","2010",9.6,,
"ACOLALCT","Alcohol consumption","LIPPERNB","Litres per capita (15+)","NZL","New Zealand","2011","2011",9.5,,
"ACOLALCT","Alcohol consumption","LIPPERNB","Litres per capita (15+)","NZL","New Zealand","2012","2012",9.2,,
"ACOLALCT","Alcohol consumption","LIPPERNB","Litres per capita (15+)","NZL","New Zealand","2013","2013",9.2,,
"ACOLALCT","Alcohol consumption","LIPPERNB","Litres per capita (15+)","NZL","New Zealand","2014","2014",9.1,,
"ACOLALCT","Alcohol consumption","LIPPERNB","Litres per capita (15+)","NZL","New Zealand","2015","2015",8.7,,
"ACOLALCT","Alcohol consumption","LIPPERNB","Litres per capita (15+)","NZL","New Zealand","2016","2016",8.9,,
"ACOLALCT","Alcohol consumption","LIPPERNB","Litres per capita (15+)","NZL","New Zealand","2017","2017",8.8,,
"ACOLALCT","Alcohol consumption","LIPPERNB","Litres per capita (15+)","NOR","Norway","2000","2000",5.7,,
"ACOLALCT","Alcohol consumption","LIPPERNB","Litres per capita (15+)","NOR","Norway","2001","2001",5.5,,
"ACOLALCT","Alcohol consumption","LIPPERNB","Litres per capita (15+)","NOR","Norway","2002","2002",5.9,,
"ACOLALCT","Alcohol consumption","LIPPERNB","Litres per capita (15+)","NOR","Norway","2003","2003",6,,
"ACOLALCT","Alcohol consumption","LIPPERNB","Litres per capita (15+)","NOR","Norway","2004","2004",6.2,,
"ACOLALCT","Alcohol consumption","LIPPERNB","Litres per capita (15+)","NOR","Norway","2005","2005",6.4,,
"ACOLALCT","Alcohol consumption","LIPPERNB","Litres per capita (15+)","NOR","Norway","2006","2006",6.5,,
"ACOLALCT","Alcohol consumption","LIPPERNB","Litres per capita (15+)","NOR","Norway","2007","2007",6.6,,
"ACOLALCT","Alcohol consumption","LIPPERNB","Litres per capita (15+)","NOR","Norway","2008","2008",6.8,,
"ACOLALCT","Alcohol consumption","LIPPERNB","Litres per capita (15+)","NOR","Norway","2009","2009",6.7,,
"ACOLALCT","Alcohol consumption","LIPPERNB","Litres per capita (15+)","NOR","Norway","2010","2010",6.6,,
"ACOLALCT","Alcohol consumption","LIPPERNB","Litres per capita (15+)","NOR","Norway","2011","2011",6.4,,
"ACOLALCT","Alcohol consumption","LIPPERNB","Litres per capita (15+)","NOR","Norway","2012","2012",6.2,,
"ACOLALCT","Alcohol consumption","LIPPERNB","Litres per capita (15+)","NOR","Norway","2013","2013",6.2,,
"ACOLALCT","Alcohol consumption","LIPPERNB","Litres per capita (15+)","NOR","Norway","2014","2014",6.1,,
"ACOLALCT","Alcohol consumption","LIPPERNB","Litres per capita (15+)","NOR","Norway","2015","2015",6,,
"ACOLALCT","Alcohol consumption","LIPPERNB","Litres per capita (15+)","NOR","Norway","2016","2016",6,,
"ACOLALCT","Alcohol consumption","LIPPERNB","Litres per capita (15+)","NOR","Norway","2017","2017",6,,
"ACOLALCT","Alcohol consumption","LIPPERNB","Litres per capita (15+)","POL","Poland","2000","2000",8.4,,
"ACOLALCT","Alcohol consumption","LIPPERNB","Litres per capita (15+)","POL","Poland","2001","2001",7.8,,
"ACOLALCT","Alcohol consumption","LIPPERNB","Litres per capita (15+)","POL","Poland","2002","2002",8.1,,
"ACOLALCT","Alcohol consumption","LIPPERNB","Litres per capita (15+)","POL","Poland","2003","2003",9.1,,
"ACOLALCT","Alcohol consumption","LIPPERNB","Litres per capita (15+)","POL","Poland","2004","2004",9.2,,
"ACOLALCT","Alcohol consumption","LIPPERNB","Litres per capita (15+)","POL","Poland","2005","2005",9.1,,
"ACOLALCT","Alcohol consumption","LIPPERNB","Litres per capita (15+)","POL","Poland","2006","2006",9.9,,
"ACOLALCT","Alcohol consumption","LIPPERNB","Litres per capita (15+)","POL","Poland","2007","2007",10.3,,
"ACOLALCT","Alcohol consumption","LIPPERNB","Litres per capita (15+)","POL","Poland","2008","2008",10.8,,
"ACOLALCT","Alcohol consumption","LIPPERNB","Litres per capita (15+)","POL","Poland","2009","2009",10.2,,
"ACOLALCT","Alcohol consumption","LIPPERNB","Litres per capita (15+)","POL","Poland","2010","2010",10,,
"ACOLALCT","Alcohol consumption","LIPPERNB","Litres per capita (15+)","POL","Poland","2011","2011",10.3,,
"ACOLALCT","Alcohol consumption","LIPPERNB","Litres per capita (15+)","POL","Poland","2012","2012",10.2,,
"ACOLALCT","Alcohol consumption","LIPPERNB","Litres per capita (15+)","POL","Poland","2013","2013",10.8,,
"ACOLALCT","Alcohol consumption","LIPPERNB","Litres per capita (15+)","POL","Poland","2014","2014",10.5,,
"ACOLALCT","Alcohol consumption","LIPPERNB","Litres per capita (15+)","POL","Poland","2015","2015",10.5,,
"ACOLALCT","Alcohol consumption","LIPPERNB","Litres per capita (15+)","POL","Poland","2016","2016",10.4,,
"ACOLALCT","Alcohol consumption","LIPPERNB","Litres per capita (15+)","PRT","Portugal","2000","2000",13.1,,
"ACOLALCT","Alcohol consumption","LIPPERNB","Litres per capita (15+)","PRT","Portugal","2001","2001",13.4,,
"ACOLALCT","Alcohol consumption","LIPPERNB","Litres per capita (15+)","PRT","Portugal","2002","2002",13.2,,
"ACOLALCT","Alcohol consumption","LIPPERNB","Litres per capita (15+)","PRT","Portugal","2003","2003",14.2,,
"ACOLALCT","Alcohol consumption","LIPPERNB","Litres per capita (15+)","PRT","Portugal","2004","2004",13.5,,
"ACOLALCT","Alcohol consumption","LIPPERNB","Litres per capita (15+)","PRT","Portugal","2005","2005",13.3,,
"ACOLALCT","Alcohol consumption","LIPPERNB","Litres per capita (15+)","PRT","Portugal","2006","2006",13.1,,
"ACOLALCT","Alcohol consumption","LIPPERNB","Litres per capita (15+)","PRT","Portugal","2007","2007",12.6,,
"ACOLALCT","Alcohol consumption","LIPPERNB","Litres per capita (15+)","PRT","Portugal","2008","2008",12.4,,
"ACOLALCT","Alcohol consumption","LIPPERNB","Litres per capita (15+)","PRT","Portugal","2009","2009",12,,
"ACOLALCT","Alcohol consumption","LIPPERNB","Litres per capita (15+)","PRT","Portugal","2010","2010",12.2,,
"ACOLALCT","Alcohol consumption","LIPPERNB","Litres per capita (15+)","PRT","Portugal","2011","2011",11.9,,
"ACOLALCT","Alcohol consumption","LIPPERNB","Litres per capita (15+)","PRT","Portugal","2012","2012",10.9,,
"ACOLALCT","Alcohol consumption","LIPPERNB","Litres per capita (15+)","PRT","Portugal","2013","2013",10.5,,
"ACOLALCT","Alcohol consumption","LIPPERNB","Litres per capita (15+)","PRT","Portugal","2014","2014",10.4,,
"ACOLALCT","Alcohol consumption","LIPPERNB","Litres per capita (15+)","PRT","Portugal","2015","2015",10.5,,
"ACOLALCT","Alcohol consumption","LIPPERNB","Litres per capita (15+)","PRT","Portugal","2016","2016",10.7,,
"ACOLALCT","Alcohol consumption","LIPPERNB","Litres per capita (15+)","SVK","Slovak Republic","2000","2000",11,,
"ACOLALCT","Alcohol consumption","LIPPERNB","Litres per capita (15+)","SVK","Slovak Republic","2001","2001",10.8,,
"ACOLALCT","Alcohol consumption","LIPPERNB","Litres per capita (15+)","SVK","Slovak Republic","2002","2002",10.8,,
"ACOLALCT","Alcohol consumption","LIPPERNB","Litres per capita (15+)","SVK","Slovak Republic","2003","2003",9.9,,
"ACOLALCT","Alcohol consumption","LIPPERNB","Litres per capita (15+)","SVK","Slovak Republic","2004","2004",10.1,,
"ACOLALCT","Alcohol consumption","LIPPERNB","Litres per capita (15+)","SVK","Slovak Republic","2005","2005",11,,
"ACOLALCT","Alcohol consumption","LIPPERNB","Litres per capita (15+)","SVK","Slovak Republic","2006","2006",10.6,,
"ACOLALCT","Alcohol consumption","LIPPERNB","Litres per capita (15+)","SVK","Slovak Republic","2007","2007",10.7,,
"ACOLALCT","Alcohol consumption","LIPPERNB","Litres per capita (15+)","SVK","Slovak Republic","2008","2008",11.2,,
"ACOLALCT","Alcohol consumption","LIPPERNB","Litres per capita (15+)","SVK","Slovak Republic","2009","2009",10.7,,
"ACOLALCT","Alcohol consumption","LIPPERNB","Litres per capita (15+)","SVK","Slovak Republic","2010","2010",10.1,,
"ACOLALCT","Alcohol consumption","LIPPERNB","Litres per capita (15+)","SVK","Slovak Republic","2011","2011",10.2,,
"ACOLALCT","Alcohol consumption","LIPPERNB","Litres per capita (15+)","SVK","Slovak Republic","2012","2012",10.1,,
"ACOLALCT","Alcohol consumption","LIPPERNB","Litres per capita (15+)","SVK","Slovak Republic","2013","2013",9.9,,
"ACOLALCT","Alcohol consumption","LIPPERNB","Litres per capita (15+)","SVK","Slovak Republic","2014","2014",10.1,,
"ACOLALCT","Alcohol consumption","LIPPERNB","Litres per capita (15+)","SVK","Slovak Republic","2015","2015",10.2,,
"ACOLALCT","Alcohol consumption","LIPPERNB","Litres per capita (15+)","SVK","Slovak Republic","2016","2016",9.9,,
"ACOLALCT","Alcohol consumption","LIPPERNB","Litres per capita (15+)","ESP","Spain","2000","2000",11.8,,
"ACOLALCT","Alcohol consumption","LIPPERNB","Litres per capita (15+)","ESP","Spain","2001","2001",12.4,,
"ACOLALCT","Alcohol consumption","LIPPERNB","Litres per capita (15+)","ESP","Spain","2002","2002",10.7,,
"ACOLALCT","Alcohol consumption","LIPPERNB","Litres per capita (15+)","ESP","Spain","2003","2003",11.4,,
"ACOLALCT","Alcohol consumption","LIPPERNB","Litres per capita (15+)","ESP","Spain","2004","2004",11.7,,
"ACOLALCT","Alcohol consumption","LIPPERNB","Litres per capita (15+)","ESP","Spain","2005","2005",11.9,,
"ACOLALCT","Alcohol consumption","LIPPERNB","Litres per capita (15+)","ESP","Spain","2006","2006",11.9,,
"ACOLALCT","Alcohol consumption","LIPPERNB","Litres per capita (15+)","ESP","Spain","2007","2007",11.1,,
"ACOLALCT","Alcohol consumption","LIPPERNB","Litres per capita (15+)","ESP","Spain","2008","2008",10.2,,
"ACOLALCT","Alcohol consumption","LIPPERNB","Litres per capita (15+)","ESP","Spain","2009","2009",10,,
"ACOLALCT","Alcohol consumption","LIPPERNB","Litres per capita (15+)","ESP","Spain","2010","2010",9.8,,
"ACOLALCT","Alcohol consumption","LIPPERNB","Litres per capita (15+)","ESP","Spain","2011","2011",9,,
"ACOLALCT","Alcohol consumption","LIPPERNB","Litres per capita (15+)","ESP","Spain","2012","2012",8.8,,
"ACOLALCT","Alcohol consumption","LIPPERNB","Litres per capita (15+)","ESP","Spain","2013","2013",8.8,,
"ACOLALCT","Alcohol consumption","LIPPERNB","Litres per capita (15+)","ESP","Spain","2014","2014",8.7,,
"ACOLALCT","Alcohol consumption","LIPPERNB","Litres per capita (15+)","ESP","Spain","2015","2015",8.3,,
"ACOLALCT","Alcohol consumption","LIPPERNB","Litres per capita (15+)","ESP","Spain","2016","2016",8.6,,
"ACOLALCT","Alcohol consumption","LIPPERNB","Litres per capita (15+)","SWE","Sweden","2000","2000",6.2,,
"ACOLALCT","Alcohol consumption","LIPPERNB","Litres per capita (15+)","SWE","Sweden","2001","2001",6.5,,
"ACOLALCT","Alcohol consumption","LIPPERNB","Litres per capita (15+)","SWE","Sweden","2002","2002",6.9,,
"ACOLALCT","Alcohol consumption","LIPPERNB","Litres per capita (15+)","SWE","Sweden","2003","2003",6.9,,
"ACOLALCT","Alcohol consumption","LIPPERNB","Litres per capita (15+)","SWE","Sweden","2004","2004",6.5,,
"ACOLALCT","Alcohol consumption","LIPPERNB","Litres per capita (15+)","SWE","Sweden","2005","2005",6.5,,
"ACOLALCT","Alcohol consumption","LIPPERNB","Litres per capita (15+)","SWE","Sweden","2006","2006",6.8,,
"ACOLALCT","Alcohol consumption","LIPPERNB","Litres per capita (15+)","SWE","Sweden","2007","2007",7,,
"ACOLALCT","Alcohol consumption","LIPPERNB","Litres per capita (15+)","SWE","Sweden","2008","2008",7,,
"ACOLALCT","Alcohol consumption","LIPPERNB","Litres per capita (15+)","SWE","Sweden","2009","2009",7.3,,
"ACOLALCT","Alcohol consumption","LIPPERNB","Litres per capita (15+)","SWE","Sweden","2010","2010",7.3,,
"ACOLALCT","Alcohol consumption","LIPPERNB","Litres per capita (15+)","SWE","Sweden","2011","2011",7.4,,
"ACOLALCT","Alcohol consumption","LIPPERNB","Litres per capita (15+)","SWE","Sweden","2012","2012",7.2,,
"ACOLALCT","Alcohol consumption","LIPPERNB","Litres per capita (15+)","SWE","Sweden","2013","2013",7.3,,
"ACOLALCT","Alcohol consumption","LIPPERNB","Litres per capita (15+)","SWE","Sweden","2014","2014",7.2,,
"ACOLALCT","Alcohol consumption","LIPPERNB","Litres per capita (15+)","SWE","Sweden","2015","2015",7.2,,
"ACOLALCT","Alcohol consumption","LIPPERNB","Litres per capita (15+)","SWE","Sweden","2016","2016",7.2,,
"ACOLALCT","Alcohol consumption","LIPPERNB","Litres per capita (15+)","CHE","Switzerland","2000","2000",11.2,,
"ACOLALCT","Alcohol consumption","LIPPERNB","Litres per capita (15+)","CHE","Switzerland","2001","2001",11.1,,
"ACOLALCT","Alcohol consumption","LIPPERNB","Litres per capita (15+)","CHE","Switzerland","2002","2002",10.8,,
"ACOLALCT","Alcohol consumption","LIPPERNB","Litres per capita (15+)","CHE","Switzerland","2003","2003",10.8,,
"ACOLALCT","Alcohol consumption","LIPPERNB","Litres per capita (15+)","CHE","Switzerland","2004","2004",10.7,,
"ACOLALCT","Alcohol consumption","LIPPERNB","Litres per capita (15+)","CHE","Switzerland","2005","2005",10.1,,
"ACOLALCT","Alcohol consumption","LIPPERNB","Litres per capita (15+)","CHE","Switzerland","2006","2006",10.2,,
"ACOLALCT","Alcohol consumption","LIPPERNB","Litres per capita (15+)","CHE","Switzerland","2007","2007",10.4,,
"ACOLALCT","Alcohol consumption","LIPPERNB","Litres per capita (15+)","CHE","Switzerland","2008","2008",10.2,,
"ACOLALCT","Alcohol consumption","LIPPERNB","Litres per capita (15+)","CHE","Switzerland","2009","2009",10.1,,
"ACOLALCT","Alcohol consumption","LIPPERNB","Litres per capita (15+)","CHE","Switzerland","2010","2010",10,,
"ACOLALCT","Alcohol consumption","LIPPERNB","Litres per capita (15+)","CHE","Switzerland","2011","2011",10,,
"ACOLALCT","Alcohol consumption","LIPPERNB","Litres per capita (15+)","CHE","Switzerland","2012","2012",9.9,,
"ACOLALCT","Alcohol consumption","LIPPERNB","Litres per capita (15+)","CHE","Switzerland","2013","2013",9.9,,
"ACOLALCT","Alcohol consumption","LIPPERNB","Litres per capita (15+)","CHE","Switzerland","2014","2014",9.5,,
"ACOLALCT","Alcohol consumption","LIPPERNB","Litres per capita (15+)","CHE","Switzerland","2015","2015",9.5,,
"ACOLALCT","Alcohol consumption","LIPPERNB","Litres per capita (15+)","CHE","Switzerland","2016","2016",9.3,,
"ACOLALCT","Alcohol consumption","LIPPERNB","Litres per capita (15+)","TUR","Turkey","2000","2000",1.5,,
"ACOLALCT","Alcohol consumption","LIPPERNB","Litres per capita (15+)","TUR","Turkey","2001","2001",1.4,,
"ACOLALCT","Alcohol consumption","LIPPERNB","Litres per capita (15+)","TUR","Turkey","2002","2002",1.4,,
"ACOLALCT","Alcohol consumption","LIPPERNB","Litres per capita (15+)","TUR","Turkey","2003","2003",1.5,,
"ACOLALCT","Alcohol consumption","LIPPERNB","Litres per capita (15+)","TUR","Turkey","2004","2004",1.4,,
"ACOLALCT","Alcohol consumption","LIPPERNB","Litres per capita (15+)","TUR","Turkey","2005","2005",1.3,,
"ACOLALCT","Alcohol consumption","LIPPERNB","Litres per capita (15+)","TUR","Turkey","2006","2006",1.2,,
"ACOLALCT","Alcohol consumption","LIPPERNB","Litres per capita (15+)","TUR","Turkey","2007","2007",1.3,,
"ACOLALCT","Alcohol consumption","LIPPERNB","Litres per capita (15+)","TUR","Turkey","2008","2008",1.5,,
"ACOLALCT","Alcohol consumption","LIPPERNB","Litres per capita (15+)","TUR","Turkey","2009","2009",1.5,,
"ACOLALCT","Alcohol consumption","LIPPERNB","Litres per capita (15+)","TUR","Turkey","2010","2010",1.5,,
"ACOLALCT","Alcohol consumption","LIPPERNB","Litres per capita (15+)","TUR","Turkey","2011","2011",1.5,,
"ACOLALCT","Alcohol consumption","LIPPERNB","Litres per capita (15+)","TUR","Turkey","2012","2012",1.6,,
"ACOLALCT","Alcohol consumption","LIPPERNB","Litres per capita (15+)","TUR","Turkey","2013","2013",1.4,,
"ACOLALCT","Alcohol consumption","LIPPERNB","Litres per capita (15+)","TUR","Turkey","2014","2014",1.5,,
"ACOLALCT","Alcohol consumption","LIPPERNB","Litres per capita (15+)","TUR","Turkey","2015","2015",1.4,,
"ACOLALCT","Alcohol consumption","LIPPERNB","Litres per capita (15+)","TUR","Turkey","2016","2016",1.3,,
"ACOLALCT","Alcohol consumption","LIPPERNB","Litres per capita (15+)","TUR","Turkey","2017","2017",1.3,"P","Provisional value"
"ACOLALCT","Alcohol consumption","LIPPERNB","Litres per capita (15+)","GBR","United Kingdom","2000","2000",10.4,,
"ACOLALCT","Alcohol consumption","LIPPERNB","Litres per capita (15+)","GBR","United Kingdom","2001","2001",10.8,,
"ACOLALCT","Alcohol consumption","LIPPERNB","Litres per capita (15+)","GBR","United Kingdom","2002","2002",11.1,,
"ACOLALCT","Alcohol consumption","LIPPERNB","Litres per capita (15+)","GBR","United Kingdom","2003","2003",11.3,,
"ACOLALCT","Alcohol consumption","LIPPERNB","Litres per capita (15+)","GBR","United Kingdom","2004","2004",11.6,,
"ACOLALCT","Alcohol consumption","LIPPERNB","Litres per capita (15+)","GBR","United Kingdom","2005","2005",11.4,,
"ACOLALCT","Alcohol consumption","LIPPERNB","Litres per capita (15+)","GBR","United Kingdom","2006","2006",11,,
"ACOLALCT","Alcohol consumption","LIPPERNB","Litres per capita (15+)","GBR","United Kingdom","2007","2007",11.1,,
"ACOLALCT","Alcohol consumption","LIPPERNB","Litres per capita (15+)","GBR","United Kingdom","2008","2008",10.8,,
"ACOLALCT","Alcohol consumption","LIPPERNB","Litres per capita (15+)","GBR","United Kingdom","2009","2009",10.1,,
"ACOLALCT","Alcohol consumption","LIPPERNB","Litres per capita (15+)","GBR","United Kingdom","2010","2010",10.1,,
"ACOLALCT","Alcohol consumption","LIPPERNB","Litres per capita (15+)","GBR","United Kingdom","2011","2011",9.9,,
"ACOLALCT","Alcohol consumption","LIPPERNB","Litres per capita (15+)","GBR","United Kingdom","2012","2012",9.6,,
"ACOLALCT","Alcohol consumption","LIPPERNB","Litres per capita (15+)","GBR","United Kingdom","2013","2013",9.4,,
"ACOLALCT","Alcohol consumption","LIPPERNB","Litres per capita (15+)","GBR","United Kingdom","2014","2014",9.4,,
"ACOLALCT","Alcohol consumption","LIPPERNB","Litres per capita (15+)","GBR","United Kingdom","2015","2015",9.5,,
"ACOLALCT","Alcohol consumption","LIPPERNB","Litres per capita (15+)","GBR","United Kingdom","2016","2016",9.5,,
"ACOLALCT","Alcohol consumption","LIPPERNB","Litres per capita (15+)","USA","United States","2000","2000",8.3,,
"ACOLALCT","Alcohol consumption","LIPPERNB","Litres per capita (15+)","USA","United States","2001","2001",8.3,,
"ACOLALCT","Alcohol consumption","LIPPERNB","Litres per capita (15+)","USA","United States","2002","2002",8.3,,
"ACOLALCT","Alcohol consumption","LIPPERNB","Litres per capita (15+)","USA","United States","2003","2003",8.4,,
"ACOLALCT","Alcohol consumption","LIPPERNB","Litres per capita (15+)","USA","United States","2004","2004",8.4,,
"ACOLALCT","Alcohol consumption","LIPPERNB","Litres per capita (15+)","USA","United States","2005","2005",8.5,,
"ACOLALCT","Alcohol consumption","LIPPERNB","Litres per capita (15+)","USA","United States","2006","2006",8.6,,
"ACOLALCT","Alcohol consumption","LIPPERNB","Litres per capita (15+)","USA","United States","2007","2007",8.7,,
"ACOLALCT","Alcohol consumption","LIPPERNB","Litres per capita (15+)","USA","United States","2008","2008",8.7,,
"ACOLALCT","Alcohol consumption","LIPPERNB","Litres per capita (15+)","USA","United States","2009","2009",8.7,,
"ACOLALCT","Alcohol consumption","LIPPERNB","Litres per capita (15+)","USA","United States","2010","2010",8.6,,
"ACOLALCT","Alcohol consumption","LIPPERNB","Litres per capita (15+)","USA","United States","2011","2011",8.7,,
"ACOLALCT","Alcohol consumption","LIPPERNB","Litres per capita (15+)","USA","United States","2012","2012",8.9,,
"ACOLALCT","Alcohol consumption","LIPPERNB","Litres per capita (15+)","USA","United States","2013","2013",8.8,,
"ACOLALCT","Alcohol consumption","LIPPERNB","Litres per capita (15+)","USA","United States","2014","2014",8.8,,
"ACOLALCT","Alcohol consumption","LIPPERNB","Litres per capita (15+)","USA","United States","2015","2015",8.8,,
"ACOLALCT","Alcohol consumption","LIPPERNB","Litres per capita (15+)","BRA","Brazil","2000","2000",7.4,,
"ACOLALCT","Alcohol consumption","LIPPERNB","Litres per capita (15+)","BRA","Brazil","2001","2001",7.2,,
"ACOLALCT","Alcohol consumption","LIPPERNB","Litres per capita (15+)","BRA","Brazil","2002","2002",7.1,,
"ACOLALCT","Alcohol consumption","LIPPERNB","Litres per capita (15+)","BRA","Brazil","2003","2003",6.9,,
"ACOLALCT","Alcohol consumption","LIPPERNB","Litres per capita (15+)","BRA","Brazil","2004","2004",6.8,,
"ACOLALCT","Alcohol consumption","LIPPERNB","Litres per capita (15+)","BRA","Brazil","2005","2005",6.9,,
"ACOLALCT","Alcohol consumption","LIPPERNB","Litres per capita (15+)","BRA","Brazil","2006","2006",7,,
"ACOLALCT","Alcohol consumption","LIPPERNB","Litres per capita (15+)","BRA","Brazil","2007","2007",7.1,,
"ACOLALCT","Alcohol consumption","LIPPERNB","Litres per capita (15+)","BRA","Brazil","2008","2008",7.1,,
"ACOLALCT","Alcohol consumption","LIPPERNB","Litres per capita (15+)","BRA","Brazil","2009","2009",7.2,,
"ACOLALCT","Alcohol consumption","LIPPERNB","Litres per capita (15+)","BRA","Brazil","2010","2010",7.4,,
"ACOLALCT","Alcohol consumption","LIPPERNB","Litres per capita (15+)","BRA","Brazil","2011","2011",7.4,,
"ACOLALCT","Alcohol consumption","LIPPERNB","Litres per capita (15+)","BRA","Brazil","2012","2012",7.3,,
"ACOLALCT","Alcohol consumption","LIPPERNB","Litres per capita (15+)","BRA","Brazil","2013","2013",7.1,,
"ACOLALCT","Alcohol consumption","LIPPERNB","Litres per capita (15+)","BRA","Brazil","2014","2014",7.2,,
"ACOLALCT","Alcohol consumption","LIPPERNB","Litres per capita (15+)","BRA","Brazil","2015","2015",7,,
"ACOLALCT","Alcohol consumption","LIPPERNB","Litres per capita (15+)","BRA","Brazil","2016","2016",6.3,,
"ACOLALCT","Alcohol consumption","LIPPERNB","Litres per capita (15+)","CHL","Chile","2000","2000",6.2,"B","Break"
"ACOLALCT","Alcohol consumption","LIPPERNB","Litres per capita (15+)","CHL","Chile","2001","2001",6.2,,
"ACOLALCT","Alcohol consumption","LIPPERNB","Litres per capita (15+)","CHL","Chile","2002","2002",5.5,,
"ACOLALCT","Alcohol consumption","LIPPERNB","Litres per capita (15+)","CHL","Chile","2003","2003",6.5,,
"ACOLALCT","Alcohol consumption","LIPPERNB","Litres per capita (15+)","CHL","Chile","2004","2004",6.8,,
"ACOLALCT","Alcohol consumption","LIPPERNB","Litres per capita (15+)","CHL","Chile","2005","2005",7.2,,
"ACOLALCT","Alcohol consumption","LIPPERNB","Litres per capita (15+)","CHL","Chile","2006","2006",6.9,,
"ACOLALCT","Alcohol consumption","LIPPERNB","Litres per capita (15+)","CHL","Chile","2007","2007",7.4,,
"ACOLALCT","Alcohol consumption","LIPPERNB","Litres per capita (15+)","CHL","Chile","2008","2008",7.4,,
"ACOLALCT","Alcohol consumption","LIPPERNB","Litres per capita (15+)","CHL","Chile","2009","2009",7.2,,
"ACOLALCT","Alcohol consumption","LIPPERNB","Litres per capita (15+)","CHL","Chile","2010","2010",7.6,,
"ACOLALCT","Alcohol consumption","LIPPERNB","Litres per capita (15+)","CHL","Chile","2011","2011",7.1,,
"ACOLALCT","Alcohol consumption","LIPPERNB","Litres per capita (15+)","CHL","Chile","2012","2012",8.3,,
"ACOLALCT","Alcohol consumption","LIPPERNB","Litres per capita (15+)","CHL","Chile","2013","2013",7.2,,
"ACOLALCT","Alcohol consumption","LIPPERNB","Litres per capita (15+)","CHL","Chile","2014","2014",7.9,,
"ACOLALCT","Alcohol consumption","LIPPERNB","Litres per capita (15+)","CHL","Chile","2015","2015",7.9,,
"ACOLALCT","Alcohol consumption","LIPPERNB","Litres per capita (15+)","CHL","Chile","2016","2016",7.9,"E","Estimated value"
"ACOLALCT","Alcohol consumption","LIPPERNB","Litres per capita (15+)","CHN","China (People's Republic of)","2000","2000",3.1,,
"ACOLALCT","Alcohol consumption","LIPPERNB","Litres per capita (15+)","CHN","China (People's Republic of)","2001","2001",2.9,,
"ACOLALCT","Alcohol consumption","LIPPERNB","Litres per capita (15+)","CHN","China (People's Republic of)","2002","2002",3,,
"ACOLALCT","Alcohol consumption","LIPPERNB","Litres per capita (15+)","CHN","China (People's Republic of)","2003","2003",3,,
"ACOLALCT","Alcohol consumption","LIPPERNB","Litres per capita (15+)","CHN","China (People's Republic of)","2004","2004",3.1,,
"ACOLALCT","Alcohol consumption","LIPPERNB","Litres per capita (15+)","CHN","China (People's Republic of)","2005","2005",2.9,,
"ACOLALCT","Alcohol consumption","LIPPERNB","Litres per capita (15+)","CHN","China (People's Republic of)","2006","2006",3.3,,
"ACOLALCT","Alcohol consumption","LIPPERNB","Litres per capita (15+)","CHN","China (People's Republic of)","2007","2007",3.9,,
"ACOLALCT","Alcohol consumption","LIPPERNB","Litres per capita (15+)","CHN","China (People's Republic of)","2008","2008",4.3,,
"ACOLALCT","Alcohol consumption","LIPPERNB","Litres per capita (15+)","CHN","China (People's Republic of)","2009","2009",4.9,,
"ACOLALCT","Alcohol consumption","LIPPERNB","Litres per capita (15+)","CHN","China (People's Republic of)","2010","2010",5.8,,
"ACOLALCT","Alcohol consumption","LIPPERNB","Litres per capita (15+)","CHN","China (People's Republic of)","2011","2011",5.7,,
"ACOLALCT","Alcohol consumption","LIPPERNB","Litres per capita (15+)","CHN","China (People's Republic of)","2012","2012",5.7,,
"ACOLALCT","Alcohol consumption","LIPPERNB","Litres per capita (15+)","CHN","China (People's Republic of)","2013","2013",5.8,,
"ACOLALCT","Alcohol consumption","LIPPERNB","Litres per capita (15+)","CHN","China (People's Republic of)","2014","2014",5.8,,
"ACOLALCT","Alcohol consumption","LIPPERNB","Litres per capita (15+)","CHN","China (People's Republic of)","2015","2015",5.7,,
"ACOLALCT","Alcohol consumption","LIPPERNB","Litres per capita (15+)","CHN","China (People's Republic of)","2016","2016",5.7,,
"ACOLALCT","Alcohol consumption","LIPPERNB","Litres per capita (15+)","EST","Estonia","2000","2000",7.9,,
"ACOLALCT","Alcohol consumption","LIPPERNB","Litres per capita (15+)","EST","Estonia","2001","2001",9.2,,
"ACOLALCT","Alcohol consumption","LIPPERNB","Litres per capita (15+)","EST","Estonia","2002","2002",12,"B","Break"
"ACOLALCT","Alcohol consumption","LIPPERNB","Litres per capita (15+)","EST","Estonia","2003","2003",11.8,,
"ACOLALCT","Alcohol consumption","LIPPERNB","Litres per capita (15+)","EST","Estonia","2004","2004",11.5,,
"ACOLALCT","Alcohol consumption","LIPPERNB","Litres per capita (15+)","EST","Estonia","2005","2005",13,,
"ACOLALCT","Alcohol consumption","LIPPERNB","Litres per capita (15+)","EST","Estonia","2006","2006",13.4,,
"ACOLALCT","Alcohol consumption","LIPPERNB","Litres per capita (15+)","EST","Estonia","2007","2007",14.8,,
"ACOLALCT","Alcohol consumption","LIPPERNB","Litres per capita (15+)","EST","Estonia","2008","2008",14.2,,
"ACOLALCT","Alcohol consumption","LIPPERNB","Litres per capita (15+)","EST","Estonia","2009","2009",11.9,,
"ACOLALCT","Alcohol consumption","LIPPERNB","Litres per capita (15+)","EST","Estonia","2010","2010",11.4,,
"ACOLALCT","Alcohol consumption","LIPPERNB","Litres per capita (15+)","EST","Estonia","2011","2011",12,,
"ACOLALCT","Alcohol consumption","LIPPERNB","Litres per capita (15+)","EST","Estonia","2012","2012",12.1,,
"ACOLALCT","Alcohol consumption","LIPPERNB","Litres per capita (15+)","EST","Estonia","2013","2013",11.9,,
"ACOLALCT","Alcohol consumption","LIPPERNB","Litres per capita (15+)","EST","Estonia","2014","2014",11.1,,
"ACOLALCT","Alcohol consumption","LIPPERNB","Litres per capita (15+)","EST","Estonia","2015","2015",10.6,,
"ACOLALCT","Alcohol consumption","LIPPERNB","Litres per capita (15+)","EST","Estonia","2016","2016",9.9,,
"ACOLALCT","Alcohol consumption","LIPPERNB","Litres per capita (15+)","IND","India","2000","2000",0.9,,
"ACOLALCT","Alcohol consumption","LIPPERNB","Litres per capita (15+)","IND","India","2001","2001",1,,
"ACOLALCT","Alcohol consumption","LIPPERNB","Litres per capita (15+)","IND","India","2002","2002",1.1,,
"ACOLALCT","Alcohol consumption","LIPPERNB","Litres per capita (15+)","IND","India","2003","2003",1.2,,
"ACOLALCT","Alcohol consumption","LIPPERNB","Litres per capita (15+)","IND","India","2004","2004",1.2,,
"ACOLALCT","Alcohol consumption","LIPPERNB","Litres per capita (15+)","IND","India","2005","2005",1.3,,
"ACOLALCT","Alcohol consumption","LIPPERNB","Litres per capita (15+)","IND","India","2006","2006",1.4,,
"ACOLALCT","Alcohol consumption","LIPPERNB","Litres per capita (15+)","IND","India","2007","2007",1.6,,
"ACOLALCT","Alcohol consumption","LIPPERNB","Litres per capita (15+)","IND","India","2008","2008",1.9,,
"ACOLALCT","Alcohol consumption","LIPPERNB","Litres per capita (15+)","IND","India","2009","2009",2.5,,
"ACOLALCT","Alcohol consumption","LIPPERNB","Litres per capita (15+)","IND","India","2010","2010",2.7,,
"ACOLALCT","Alcohol consumption","LIPPERNB","Litres per capita (15+)","IND","India","2011","2011",3,,
"ACOLALCT","Alcohol consumption","LIPPERNB","Litres per capita (15+)","IND","India","2012","2012",3.1,,
"ACOLALCT","Alcohol consumption","LIPPERNB","Litres per capita (15+)","IND","India","2013","2013",3.1,,
"ACOLALCT","Alcohol consumption","LIPPERNB","Litres per capita (15+)","IND","India","2014","2014",3,,
"ACOLALCT","Alcohol consumption","LIPPERNB","Litres per capita (15+)","IND","India","2015","2015",3,,
"ACOLALCT","Alcohol consumption","LIPPERNB","Litres per capita (15+)","IND","India","2016","2016",3,,
"ACOLALCT","Alcohol consumption","LIPPERNB","Litres per capita (15+)","IDN","Indonesia","2000","2000",0.1,,
"ACOLALCT","Alcohol consumption","LIPPERNB","Litres per capita (15+)","IDN","Indonesia","2001","2001",0.1,,
"ACOLALCT","Alcohol consumption","LIPPERNB","Litres per capita (15+)","IDN","Indonesia","2002","2002",0.1,,
"ACOLALCT","Alcohol consumption","LIPPERNB","Litres per capita (15+)","IDN","Indonesia","2003","2003",0.1,,
"ACOLALCT","Alcohol consumption","LIPPERNB","Litres per capita (15+)","IDN","Indonesia","2004","2004",0.1,,
"ACOLALCT","Alcohol consumption","LIPPERNB","Litres per capita (15+)","IDN","Indonesia","2005","2005",0.1,,
"ACOLALCT","Alcohol consumption","LIPPERNB","Litres per capita (15+)","IDN","Indonesia","2006","2006",0.1,,
"ACOLALCT","Alcohol consumption","LIPPERNB","Litres per capita (15+)","IDN","Indonesia","2007","2007",0.1,,
"ACOLALCT","Alcohol consumption","LIPPERNB","Litres per capita (15+)","IDN","Indonesia","2008","2008",0.1,,
"ACOLALCT","Alcohol consumption","LIPPERNB","Litres per capita (15+)","IDN","Indonesia","2009","2009",0.1,,
"ACOLALCT","Alcohol consumption","LIPPERNB","Litres per capita (15+)","IDN","Indonesia","2010","2010",0.1,,
"ACOLALCT","Alcohol consumption","LIPPERNB","Litres per capita (15+)","IDN","Indonesia","2011","2011",0.1,,
"ACOLALCT","Alcohol consumption","LIPPERNB","Litres per capita (15+)","IDN","Indonesia","2012","2012",0.1,,
"ACOLALCT","Alcohol consumption","LIPPERNB","Litres per capita (15+)","IDN","Indonesia","2013","2013",0.3,,
"ACOLALCT","Alcohol consumption","LIPPERNB","Litres per capita (15+)","IDN","Indonesia","2014","2014",0.3,,
"ACOLALCT","Alcohol consumption","LIPPERNB","Litres per capita (15+)","IDN","Indonesia","2015","2015",0.3,,
"ACOLALCT","Alcohol consumption","LIPPERNB","Litres per capita (15+)","IDN","Indonesia","2016","2016",0.3,,
"ACOLALCT","Alcohol consumption","LIPPERNB","Litres per capita (15+)","ISR","Israel","2000","2000",2.6,,
"ACOLALCT","Alcohol consumption","LIPPERNB","Litres per capita (15+)","ISR","Israel","2001","2001",2.6,,
"ACOLALCT","Alcohol consumption","LIPPERNB","Litres per capita (15+)","ISR","Israel","2002","2002",2.6,,
"ACOLALCT","Alcohol consumption","LIPPERNB","Litres per capita (15+)","ISR","Israel","2003","2003",2.4,,
"ACOLALCT","Alcohol consumption","LIPPERNB","Litres per capita (15+)","ISR","Israel","2004","2004",2.3,,
"ACOLALCT","Alcohol consumption","LIPPERNB","Litres per capita (15+)","ISR","Israel","2005","2005",2.4,,
"ACOLALCT","Alcohol consumption","LIPPERNB","Litres per capita (15+)","ISR","Israel","2006","2006",2.2,,
"ACOLALCT","Alcohol consumption","LIPPERNB","Litres per capita (15+)","ISR","Israel","2007","2007",2.3,,
"ACOLALCT","Alcohol consumption","LIPPERNB","Litres per capita (15+)","ISR","Israel","2008","2008",2.5,,
"ACOLALCT","Alcohol consumption","LIPPERNB","Litres per capita (15+)","ISR","Israel","2009","2009",2.6,,
"ACOLALCT","Alcohol consumption","LIPPERNB","Litres per capita (15+)","ISR","Israel","2010","2010",2.6,,
"ACOLALCT","Alcohol consumption","LIPPERNB","Litres per capita (15+)","ISR","Israel","2011","2011",2.7,,
"ACOLALCT","Alcohol consumption","LIPPERNB","Litres per capita (15+)","ISR","Israel","2012","2012",2.8,,
"ACOLALCT","Alcohol consumption","LIPPERNB","Litres per capita (15+)","ISR","Israel","2013","2013",2.9,,
"ACOLALCT","Alcohol consumption","LIPPERNB","Litres per capita (15+)","ISR","Israel","2014","2014",2.7,,
"ACOLALCT","Alcohol consumption","LIPPERNB","Litres per capita (15+)","ISR","Israel","2015","2015",2.6,,
"ACOLALCT","Alcohol consumption","LIPPERNB","Litres per capita (15+)","ISR","Israel","2016","2016",2.6,,
"ACOLALCT","Alcohol consumption","LIPPERNB","Litres per capita (15+)","RUS","Russia","2000","2000",18.8,,
"ACOLALCT","Alcohol consumption","LIPPERNB","Litres per capita (15+)","RUS","Russia","2001","2001",19.4,,
"ACOLALCT","Alcohol consumption","LIPPERNB","Litres per capita (15+)","RUS","Russia","2002","2002",19.8,,
"ACOLALCT","Alcohol consumption","LIPPERNB","Litres per capita (15+)","RUS","Russia","2003","2003",19.8,,
"ACOLALCT","Alcohol consumption","LIPPERNB","Litres per capita (15+)","RUS","Russia","2004","2004",19.3,,
"ACOLALCT","Alcohol consumption","LIPPERNB","Litres per capita (15+)","RUS","Russia","2005","2005",18.5,,
"ACOLALCT","Alcohol consumption","LIPPERNB","Litres per capita (15+)","RUS","Russia","2006","2006",17,,
"ACOLALCT","Alcohol consumption","LIPPERNB","Litres per capita (15+)","RUS","Russia","2007","2007",15.7,,
"ACOLALCT","Alcohol consumption","LIPPERNB","Litres per capita (15+)","RUS","Russia","2008","2008",15.8,,
"ACOLALCT","Alcohol consumption","LIPPERNB","Litres per capita (15+)","RUS","Russia","2009","2009",14.3,,
"ACOLALCT","Alcohol consumption","LIPPERNB","Litres per capita (15+)","RUS","Russia","2010","2010",13.5,,
"ACOLALCT","Alcohol consumption","LIPPERNB","Litres per capita (15+)","RUS","Russia","2011","2011",12.4,,
"ACOLALCT","Alcohol consumption","LIPPERNB","Litres per capita (15+)","RUS","Russia","2012","2012",11.9,,
"ACOLALCT","Alcohol consumption","LIPPERNB","Litres per capita (15+)","RUS","Russia","2013","2013",11.6,,
"ACOLALCT","Alcohol consumption","LIPPERNB","Litres per capita (15+)","RUS","Russia","2014","2014",11.1,"B","Break"
"ACOLALCT","Alcohol consumption","LIPPERNB","Litres per capita (15+)","RUS","Russia","2015","2015",10.5,,
"ACOLALCT","Alcohol consumption","LIPPERNB","Litres per capita (15+)","RUS","Russia","2016","2016",10.3,,
"ACOLALCT","Alcohol consumption","LIPPERNB","Litres per capita (15+)","SVN","Slovenia","2000","2000",11.2,,
"ACOLALCT","Alcohol consumption","LIPPERNB","Litres per capita (15+)","SVN","Slovenia","2001","2001",13,,
"ACOLALCT","Alcohol consumption","LIPPERNB","Litres per capita (15+)","SVN","Slovenia","2002","2002",11.6,,
"ACOLALCT","Alcohol consumption","LIPPERNB","Litres per capita (15+)","SVN","Slovenia","2003","2003",11.2,,
"ACOLALCT","Alcohol consumption","LIPPERNB","Litres per capita (15+)","SVN","Slovenia","2004","2004",13.5,,
"ACOLALCT","Alcohol consumption","LIPPERNB","Litres per capita (15+)","SVN","Slovenia","2005","2005",10.3,,
"ACOLALCT","Alcohol consumption","LIPPERNB","Litres per capita (15+)","SVN","Slovenia","2006","2006",12.2,,
"ACOLALCT","Alcohol consumption","LIPPERNB","Litres per capita (15+)","SVN","Slovenia","2007","2007",11,,
"ACOLALCT","Alcohol consumption","LIPPERNB","Litres per capita (15+)","SVN","Slovenia","2008","2008",11,,
"ACOLALCT","Alcohol consumption","LIPPERNB","Litres per capita (15+)","SVN","Slovenia","2009","2009",10.5,,
"ACOLALCT","Alcohol consumption","LIPPERNB","Litres per capita (15+)","SVN","Slovenia","2010","2010",10.3,,
"ACOLALCT","Alcohol consumption","LIPPERNB","Litres per capita (15+)","SVN","Slovenia","2011","2011",10.6,,
"ACOLALCT","Alcohol consumption","LIPPERNB","Litres per capita (15+)","SVN","Slovenia","2012","2012",11,,
"ACOLALCT","Alcohol consumption","LIPPERNB","Litres per capita (15+)","SVN","Slovenia","2013","2013",9.5,,
"ACOLALCT","Alcohol consumption","LIPPERNB","Litres per capita (15+)","SVN","Slovenia","2014","2014",10.9,,
"ACOLALCT","Alcohol consumption","LIPPERNB","Litres per capita (15+)","SVN","Slovenia","2015","2015",11.5,,
"ACOLALCT","Alcohol consumption","LIPPERNB","Litres per capita (15+)","SVN","Slovenia","2016","2016",10.5,,
"ACOLALCT","Alcohol consumption","LIPPERNB","Litres per capita (15+)","ZAF","South Africa","2000","2000",8.9,,
"ACOLALCT","Alcohol consumption","LIPPERNB","Litres per capita (15+)","ZAF","South Africa","2001","2001",8.7,,
"ACOLALCT","Alcohol consumption","LIPPERNB","Litres per capita (15+)","ZAF","South Africa","2002","2002",8.4,,
"ACOLALCT","Alcohol consumption","LIPPERNB","Litres per capita (15+)","ZAF","South Africa","2003","2003",8.2,,
"ACOLALCT","Alcohol consumption","LIPPERNB","Litres per capita (15+)","ZAF","South Africa","2004","2004",8,,
"ACOLALCT","Alcohol consumption","LIPPERNB","Litres per capita (15+)","ZAF","South Africa","2005","2005",8.9,,
"ACOLALCT","Alcohol consumption","LIPPERNB","Litres per capita (15+)","ZAF","South Africa","2006","2006",8.8,,
"ACOLALCT","Alcohol consumption","LIPPERNB","Litres per capita (15+)","ZAF","South Africa","2007","2007",8.8,,
"ACOLALCT","Alcohol consumption","LIPPERNB","Litres per capita (15+)","ZAF","South Africa","2008","2008",8.6,,
"ACOLALCT","Alcohol consumption","LIPPERNB","Litres per capita (15+)","ZAF","South Africa","2009","2009",8,,
"ACOLALCT","Alcohol consumption","LIPPERNB","Litres per capita (15+)","ZAF","South Africa","2010","2010",7.3,,
"ACOLALCT","Alcohol consumption","LIPPERNB","Litres per capita (15+)","ZAF","South Africa","2011","2011",7.3,,
"ACOLALCT","Alcohol consumption","LIPPERNB","Litres per capita (15+)","ZAF","South Africa","2012","2012",7.3,,
"ACOLALCT","Alcohol consumption","LIPPERNB","Litres per capita (15+)","ZAF","South Africa","2013","2013",7.2,,
"ACOLALCT","Alcohol consumption","LIPPERNB","Litres per capita (15+)","ZAF","South Africa","2014","2014",7.2,,
"ACOLALCT","Alcohol consumption","LIPPERNB","Litres per capita (15+)","ZAF","South Africa","2015","2015",7.1,,
"ACOLALCT","Alcohol consumption","LIPPERNB","Litres per capita (15+)","ZAF","South Africa","2016","2016",7.1,,
"ACOLALCT","Alcohol consumption","LIPPERNB","Litres per capita (15+)","COL","Colombia","2000","2000",4.5,,
"ACOLALCT","Alcohol consumption","LIPPERNB","Litres per capita (15+)","COL","Colombia","2001","2001",4.3,,
"ACOLALCT","Alcohol consumption","LIPPERNB","Litres per capita (15+)","COL","Colombia","2002","2002",4.3,,
"ACOLALCT","Alcohol consumption","LIPPERNB","Litres per capita (15+)","COL","Colombia","2003","2003",4.2,,
"ACOLALCT","Alcohol consumption","LIPPERNB","Litres per capita (15+)","COL","Colombia","2004","2004",4.2,,
"ACOLALCT","Alcohol consumption","LIPPERNB","Litres per capita (15+)","COL","Colombia","2005","2005",4.3,,
"ACOLALCT","Alcohol consumption","LIPPERNB","Litres per capita (15+)","COL","Colombia","2006","2006",4.4,,
"ACOLALCT","Alcohol consumption","LIPPERNB","Litres per capita (15+)","COL","Colombia","2007","2007",4.6,,
"ACOLALCT","Alcohol consumption","LIPPERNB","Litres per capita (15+)","COL","Colombia","2008","2008",4.4,,
"ACOLALCT","Alcohol consumption","LIPPERNB","Litres per capita (15+)","COL","Colombia","2009","2009",4.3,,
"ACOLALCT","Alcohol consumption","LIPPERNB","Litres per capita (15+)","COL","Colombia","2010","2010",4.2,,
"ACOLALCT","Alcohol consumption","LIPPERNB","Litres per capita (15+)","COL","Colombia","2011","2011",4.3,,
"ACOLALCT","Alcohol consumption","LIPPERNB","Litres per capita (15+)","COL","Colombia","2012","2012",4.4,,
"ACOLALCT","Alcohol consumption","LIPPERNB","Litres per capita (15+)","COL","Colombia","2013","2013",4.3,,
"ACOLALCT","Alcohol consumption","LIPPERNB","Litres per capita (15+)","COL","Colombia","2014","2014",4.3,,
"ACOLALCT","Alcohol consumption","LIPPERNB","Litres per capita (15+)","COL","Colombia","2015","2015",4.4,,
"ACOLALCT","Alcohol consumption","LIPPERNB","Litres per capita (15+)","COL","Colombia","2016","2016",4.5,,
"ACOLALCT","Alcohol consumption","LIPPERNB","Litres per capita (15+)","CRI","Costa Rica","2000","2000",4.3,,
"ACOLALCT","Alcohol consumption","LIPPERNB","Litres per capita (15+)","CRI","Costa Rica","2001","2001",4.3,,
"ACOLALCT","Alcohol consumption","LIPPERNB","Litres per capita (15+)","CRI","Costa Rica","2002","2002",4.2,,
"ACOLALCT","Alcohol consumption","LIPPERNB","Litres per capita (15+)","CRI","Costa Rica","2003","2003",4.1,,
"ACOLALCT","Alcohol consumption","LIPPERNB","Litres per capita (15+)","CRI","Costa Rica","2004","2004",4.1,,
"ACOLALCT","Alcohol consumption","LIPPERNB","Litres per capita (15+)","CRI","Costa Rica","2005","2005",4.1,,
"ACOLALCT","Alcohol consumption","LIPPERNB","Litres per capita (15+)","CRI","Costa Rica","2006","2006",4.2,,
"ACOLALCT","Alcohol consumption","LIPPERNB","Litres per capita (15+)","CRI","Costa Rica","2007","2007",4.3,,
"ACOLALCT","Alcohol consumption","LIPPERNB","Litres per capita (15+)","CRI","Costa Rica","2008","2008",4.3,,
"ACOLALCT","Alcohol consumption","LIPPERNB","Litres per capita (15+)","CRI","Costa Rica","2009","2009",4.2,,
"ACOLALCT","Alcohol consumption","LIPPERNB","Litres per capita (15+)","CRI","Costa Rica","2010","2010",3.7,,
"ACOLALCT","Alcohol consumption","LIPPERNB","Litres per capita (15+)","CRI","Costa Rica","2011","2011",3.5,,
"ACOLALCT","Alcohol consumption","LIPPERNB","Litres per capita (15+)","CRI","Costa Rica","2012","2012",3.4,,
"ACOLALCT","Alcohol consumption","LIPPERNB","Litres per capita (15+)","CRI","Costa Rica","2013","2013",3.5,,
"ACOLALCT","Alcohol consumption","LIPPERNB","Litres per capita (15+)","CRI","Costa Rica","2014","2014",3.6,,
"ACOLALCT","Alcohol consumption","LIPPERNB","Litres per capita (15+)","CRI","Costa Rica","2015","2015",3.6,,
"ACOLALCT","Alcohol consumption","LIPPERNB","Litres per capita (15+)","CRI","Costa Rica","2016","2016",3.7,,
"ACOLALCT","Alcohol consumption","LIPPERNB","Litres per capita (15+)","LVA","Latvia","2000","2000",7.1,,
"ACOLALCT","Alcohol consumption","LIPPERNB","Litres per capita (15+)","LVA","Latvia","2001","2001",6.7,,
"ACOLALCT","Alcohol consumption","LIPPERNB","Litres per capita (15+)","LVA","Latvia","2002","2002",7.4,,
"ACOLALCT","Alcohol consumption","LIPPERNB","Litres per capita (15+)","LVA","Latvia","2003","2003",8.2,,
"ACOLALCT","Alcohol consumption","LIPPERNB","Litres per capita (15+)","LVA","Latvia","2004","2004",8.8,,
"ACOLALCT","Alcohol consumption","LIPPERNB","Litres per capita (15+)","LVA","Latvia","2005","2005",9.9,,
"ACOLALCT","Alcohol consumption","LIPPERNB","Litres per capita (15+)","LVA","Latvia","2006","2006",10.4,,
"ACOLALCT","Alcohol consumption","LIPPERNB","Litres per capita (15+)","LVA","Latvia","2007","2007",12.1,,
"ACOLALCT","Alcohol consumption","LIPPERNB","Litres per capita (15+)","LVA","Latvia","2008","2008",11.8,,
"ACOLALCT","Alcohol consumption","LIPPERNB","Litres per capita (15+)","LVA","Latvia","2009","2009",9.9,,
"ACOLALCT","Alcohol consumption","LIPPERNB","Litres per capita (15+)","LVA","Latvia","2010","2010",9.8,,
"ACOLALCT","Alcohol consumption","LIPPERNB","Litres per capita (15+)","LVA","Latvia","2011","2011",10.1,,
"ACOLALCT","Alcohol consumption","LIPPERNB","Litres per capita (15+)","LVA","Latvia","2012","2012",10.2,,
"ACOLALCT","Alcohol consumption","LIPPERNB","Litres per capita (15+)","LVA","Latvia","2013","2013",10.4,,
"ACOLALCT","Alcohol consumption","LIPPERNB","Litres per capita (15+)","LVA","Latvia","2014","2014",10.6,,
"ACOLALCT","Alcohol consumption","LIPPERNB","Litres per capita (15+)","LVA","Latvia","2015","2015",10.8,,
"ACOLALCT","Alcohol consumption","LIPPERNB","Litres per capita (15+)","LVA","Latvia","2016","2016",11.2,,
"ACOLALCT","Alcohol consumption","LIPPERNB","Litres per capita (15+)","LTU","Lithuania","2000","2000",9.7,"B","Break"
"ACOLALCT","Alcohol consumption","LIPPERNB","Litres per capita (15+)","LTU","Lithuania","2001","2001",10.5,,
"ACOLALCT","Alcohol consumption","LIPPERNB","Litres per capita (15+)","LTU","Lithuania","2002","2002",11.1,,
"ACOLALCT","Alcohol consumption","LIPPERNB","Litres per capita (15+)","LTU","Lithuania","2003","2003",11.3,,
"ACOLALCT","Alcohol consumption","LIPPERNB","Litres per capita (15+)","LTU","Lithuania","2004","2004",12.2,,
"ACOLALCT","Alcohol consumption","LIPPERNB","Litres per capita (15+)","LTU","Lithuania","2005","2005",12.5,,
"ACOLALCT","Alcohol consumption","LIPPERNB","Litres per capita (15+)","LTU","Lithuania","2006","2006",13.2,,
"ACOLALCT","Alcohol consumption","LIPPERNB","Litres per capita (15+)","LTU","Lithuania","2007","2007",13.9,,
"ACOLALCT","Alcohol consumption","LIPPERNB","Litres per capita (15+)","LTU","Lithuania","2008","2008",13.9,,
"ACOLALCT","Alcohol consumption","LIPPERNB","Litres per capita (15+)","LTU","Lithuania","2009","2009",13.1,,
"ACOLALCT","Alcohol consumption","LIPPERNB","Litres per capita (15+)","LTU","Lithuania","2010","2010",13.5,,
"ACOLALCT","Alcohol consumption","LIPPERNB","Litres per capita (15+)","LTU","Lithuania","2011","2011",14.7,,
"ACOLALCT","Alcohol consumption","LIPPERNB","Litres per capita (15+)","LTU","Lithuania","2012","2012",14.7,,
"ACOLALCT","Alcohol consumption","LIPPERNB","Litres per capita (15+)","LTU","Lithuania","2013","2013",14.5,,
"ACOLALCT","Alcohol consumption","LIPPERNB","Litres per capita (15+)","LTU","Lithuania","2014","2014",14.2,,
"ACOLALCT","Alcohol consumption","LIPPERNB","Litres per capita (15+)","LTU","Lithuania","2015","2015",14,,
"ACOLALCT","Alcohol consumption","LIPPERNB","Litres per capita (15+)","LTU","Lithuania","2016","2016",13.2,,
